Image,Class,Correct predtiction from h5,Perturbation for h5,Number of iterations for h5,Probability of wrong prediction h5,Wrong class by h5,Correct prediction from tflite,Perturbation for tflite,Number of iterations for tflite,Probability of wrong prediction tflite,Wrong class by tflite,Correct prediction from axc,Perturbation for axc,Number of iterations for axc,Probability of wrong prediction axc,Wrong class by axc
2,Ship,0.99981135,0,2,0.633593,Automobile,0.99609375,0.00392156862745098,4,0.921875,Automobile,0.545389777195307,0.00392156862745098,5,0.545389777195307,Automobile
6,Automobile,0.99958235,0,2,0.8646406,Truck,0.99609375,0.00392156862745098,5,0.8203125,Truck,0.8281104958020336,0.00392156862745098,5,0.8281104958020336,Truck
7,Frog,0.9991228,0,1,0.6235991,Deer,0.99609375,0.00392156862745098,3,0.98046875,Deer,0.3123639097615189,0.00392156862745098,1,0.3123639097615189,Cat
9,Automobile,0.99411005,0,1,0.87779695,Truck,0.9765625,0.00392156862745098,1,0.62109375,Truck,0.44491177100144713,0.00392156862745098,1,0.44491177100144713,Truck
10,Airplane,0.99993753,0,2,0.87391,Deer,0.99609375,0.00392156862745098,4,0.90234375,Bird,0.5040446085217121,0.00392156862745098,4,0.5040446085217121,Bird
44,Airplane,0.9996567,0,2,0.6539292,Automobile,0.99609375,0.00392156862745098,2,0.953125,Ship,0.5953288441295376,0.00392156862745098,2,0.5953288441295376,Ship
49,Frog,0.99726605,0,1,0.6194048,Bird,0.99609375,0.00392156862745098,3,0.7265625,Bird,0.5400397112547133,0.00392156862745098,3,0.5400397112547133,Bird
51,Ship,0.99995875,0,2,0.9714398,Frog,0.99609375,0.00392156862745098,3,0.99609375,Frog,0.7395636261638238,0.00392156862745098,3,0.7395636261638238,Frog
54,Ship,0.9999733,0,3,0.9986413,Airplane,0.99609375,0.00392156862745098,3,0.9921875,Airplane,0.7527420888259975,0.00392156862745098,3,0.7527420888259975,Airplane
59,Frog,0.9875471,0,1,0.43606248,Deer,0.9921875,0.00392156862745098,1,0.5,Deer,0.3404786188716542,0.00392156862745098,1,0.3404786188716542,Cat
63,Cat,0.89786184,0,1,0.9193422,Bird,0.81640625,0.00392156862745098,1,0.4375,Bird,0.4947514663983265,0.00392156862745098,1,0.4947514663983265,Bird
65,Bird,0.99995637,0,2,0.9864739,Frog,0.99609375,0.00392156862745098,2,0.96484375,Frog,0.5317685120179819,0.00392156862745098,2,0.5317685120179819,Frog
79,Ship,0.9999455,0,3,0.55065864,Cat,0.99609375,0.00392156862745098,3,0.6953125,Frog,0.4941366806289917,0.00392156862745098,3,0.4941366806289917,Deer
83,Horse,0.9999794,0,3,0.9161935,Deer,0.99609375,0.00392156862745098,3,0.5234375,Deer,0.46663534084525893,0.00392156862745098,3,0.46663534084525893,Deer
84,Bird,0.9552241,0,1,0.784379,Cat,0.92578125,0.00392156862745098,2,0.984375,Cat,0.6124580261276525,0.00392156862745098,2,0.6124580261276525,Cat
90,Airplane,0.9999343,0,2,0.95484364,Ship,0.99609375,0.00392156862745098,3,0.99609375,Ship,0.7951271076865767,0.00392156862745098,3,0.7951271076865767,Ship
97,Airplane,0.98100567,0,1,0.63407546,Ship,0.96484375,0.00392156862745098,1,0.72265625,Deer,0.38882692751426623,0.00392156862745098,1,0.38882692751426623,Bird
110,Deer,0.9976259,0,1,0.6502957,Frog,0.99609375,0.00392156862745098,2,0.84375,Frog,0.5221802002463601,0.00392156862745098,3,0.5221802002463601,Frog
111,Airplane,0.99976987,0,2,0.56266564,Bird,0.99609375,0.00392156862745098,2,0.984375,Bird,0.6632097441307734,0.00392156862745098,2,0.6632097441307734,Bird
112,Frog,0.99894327,0,3,0.942988,Bird,0.96484375,0.00392156862745098,3,0.99609375,Bird,0.7289009956129836,0.00392156862745098,3,0.7289009956129836,Bird
120,Ship,0.99992025,0,2,0.84294,Truck,0.99609375,0.00392156862745098,2,0.4921875,Automobile,0.33268534189682436,0.00392156862745098,2,0.33268534189682436,Truck
142,Frog,0.99997413,0,3,0.98563683,Truck,0.99609375,0.00392156862745098,5,0.57421875,Automobile,0.33113698421193266,0.00392156862745098,5,0.33113698421193266,Automobile
150,Ship,0.9758187,0,1,0.96660346,Airplane,0.81640625,0.00392156862745098,1,0.86328125,Airplane,0.577413465024235,0.00392156862745098,1,0.577413465024235,Airplane
153,Airplane,0.9999603,0,3,0.60920745,Frog,0.99609375,0.00392156862745098,3,0.734375,Frog,0.43552076427550507,0.00392156862745098,3,0.43552076427550507,Deer
166,Ship,0.99995446,0,2,0.58069897,Airplane,0.99609375,0.00392156862745098,6,0.81640625,Airplane,0.36321503910198905,0.00392156862745098,3,0.36321503910198905,Bird
170,Truck,0.9999789,0,3,0.8370438,Automobile,0.99609375,0.00392156862745098,5,0.99609375,Frog,0.5623342071370172,0.00392156862745098,5,0.5623342071370172,Frog
172,Truck,0.9991111,0,1,0.57768685,Bird,0.99609375,0.00392156862745098,1,0.83203125,Automobile,0.8428766984200091,0.00392156862745098,5,0.8428766984200091,Frog
173,Ship,0.99981934,0,2,0.45448384,Frog,0.99609375,0.00392156862745098,2,0.2890625,Deer,0.34069091997026324,0.00392156862745098,2,0.34069091997026324,Deer
175,Truck,0.9999393,0,3,0.55404615,Automobile,0.99609375,0.00392156862745098,5,0.99609375,Frog,0.6682362537379091,0.00392156862745098,5,0.6682362537379091,Frog
180,Airplane,0.9979062,0,1,0.5300981,Deer,0.81640625,0.00392156862745098,1,0.84375,Deer,0.5824151652379529,0.00392156862745098,1,0.5824151652379529,Deer
193,Automobile,0.9985649,0,1,0.67712045,Truck,0.99609375,0.00392156862745098,3,0.91796875,Truck,0.47431275952069485,0.00392156862745098,1,0.47431275952069485,Truck
199,Ship,0.9999776,0,2,0.75825804,Frog,0.99609375,0.00392156862745098,4,0.984375,Frog,0.684483445257606,0.00392156862745098,4,0.684483445257606,Frog
206,Airplane,0.9999907,0,3,0.5667179,Frog,0.99609375,0.00392156862745098,3,0.99609375,Frog,0.6648009985292614,0.00392156862745098,3,0.6648009985292614,Frog
218,Ship,0.99762964,0,2,0.403142,Cat,0.99609375,0.00392156862745098,2,0.828125,Cat,0.5264354020949769,0.00392156862745098,2,0.5264354020949769,Cat
220,Horse,0.99958724,0,1,0.6435664,Deer,0.9140625,0.00392156862745098,3,0.7578125,Deer,0.6324232222367713,0.00392156862745098,3,0.6324232222367713,Deer
225,Truck,0.9995834,0,2,0.98495203,Automobile,0.54296875,0.00392156862745098,2,0.99609375,Automobile,0.6918884164887849,0.00392156862745098,2,0.6918884164887849,Automobile
230,Dog,0.98980635,0,1,0.51295364,Cat,0.86328125,0.00392156862745098,1,0.49609375,Cat,0.49326617010994195,0.00392156862745098,1,0.49326617010994195,Cat
255,Airplane,0.99431485,0,1,0.68823665,Ship,0.88671875,0.00392156862745098,3,0.90234375,Ship,0.5147734811352922,0.00392156862745098,1,0.5147734811352922,Ship
257,Airplane,0.99955994,0,4,0.9986461,Truck,0.99609375,0.00392156862745098,4,0.7109375,Truck,0.41594117735726244,0.00392156862745098,4,0.41594117735726244,Ship
269,Airplane,0.9978064,0,1,0.91510653,Bird,0.8828125,0.00392156862745098,1,0.5078125,Frog,0.3279235084864191,0.00392156862745098,1,0.3279235084864191,Cat
280,Truck,0.99987805,0,2,0.89093477,Automobile,0.99609375,0.00392156862745098,3,0.5,Automobile,0.5419565815988224,0.00392156862745098,9,0.5419565815988224,Automobile
298,Airplane,0.99976784,0,2,0.9332944,Frog,0.99609375,0.00392156862745098,5,0.96484375,Frog,0.5508735866321178,0.00392156862745098,5,0.5508735866321178,Frog
304,Frog,0.99999225,0,3,0.99493283,Bird,0.99609375,0.00392156862745098,4,0.98828125,Bird,0.7059316171031721,0.00392156862745098,4,0.7059316171031721,Bird
307,Bird,0.99957055,0,1,0.71011233,Cat,0.99609375,0.00392156862745098,9,0.62890625,Deer,0.4359525228627024,0.00392156862745098,2,0.4359525228627024,Cat
315,Airplane,0.99997926,0,3,0.80103076,Frog,0.94921875,0.00392156862745098,3,0.99609375,Frog,0.5814142066845648,0.00392156862745098,3,0.5814142066845648,Frog
317,Horse,0.9975091,0,1,0.49182117,Deer,0.99609375,0.00392156862745098,2,0.8203125,Deer,0.5316789180512601,0.00392156862745098,2,0.5316789180512601,Deer
336,Cat,0.9999889,0,4,0.9954684,Bird,0.99609375,0.00392156862745098,4,0.578125,Bird,0.4684358252698505,0.00392156862745098,4,0.4684358252698505,Frog
347,Frog,0.9997527,0,2,0.7400571,Deer,0.99609375,0.00392156862745098,6,0.99609375,Deer,0.4883716255789766,0.00392156862745098,5,0.4883716255789766,Deer
349,Truck,0.99976176,0,2,0.5560991,Automobile,0.99609375,0.00392156862745098,5,0.99609375,Frog,0.656072340872286,0.00392156862745098,5,0.656072340872286,Frog
354,Bird,0.99820566,0,1,0.6870835,Frog,0.86328125,0.00392156862745098,1,0.9140625,Frog,0.5006284246223368,0.00392156862745098,3,0.5006284246223368,Frog
358,Ship,0.99964833,0,2,0.38331932,Frog,0.99609375,0.00392156862745098,9,0.9765625,Frog,0.5622823161271945,0.00392156862745098,9,0.5622823161271945,Frog
360,Truck,0.99995375,0,3,0.68898714,Automobile,0.99609375,0.00392156862745098,5,0.93359375,Frog,0.49767144149326475,0.00392156862745098,5,0.49767144149326475,Frog
366,Automobile,0.9995958,0,2,0.69358647,Truck,0.99609375,0.00392156862745098,6,0.66796875,Truck,0.41164155984525025,0.00392156862745098,5,0.41164155984525025,Ship
372,Truck,0.99872464,0,2,0.8787799,Ship,0.99609375,0.00392156862745098,2,0.76171875,Ship,0.5855412855985455,0.00392156862745098,2,0.5855412855985455,Ship
385,Ship,0.9993406,0,2,0.77191764,Airplane,0.8984375,0.00392156862745098,2,0.9453125,Airplane,0.649653146525864,0.00392156862745098,2,0.649653146525864,Airplane
387,Bird,0.98926955,0,1,0.62806815,Deer,0.8828125,0.00392156862745098,1,0.44140625,Deer,0.36218345267448343,0.00392156862745098,1,0.36218345267448343,Deer
393,Bird,0.99792045,0,1,0.85708195,Frog,0.99609375,0.00392156862745098,1,0.9609375,Frog,0.36738525218823453,0.00392156862745098,1,0.36738525218823453,Frog
400,Truck,0.9998543,0,2,0.9663233,Deer,0.99609375,0.00392156862745098,10,0.984375,Frog,0.48588655906398764,0.00392156862745098,10,0.48588655906398764,Frog
409,Bird,0.9961538,0,1,0.746318,Horse,0.99609375,0.00392156862745098,1,0.76171875,Cat,0.557324425069432,0.00392156862745098,1,0.557324425069432,Cat
419,Horse,0.999795,0,2,0.3721675,Dog,0.99609375,0.00392156862745098,3,0.41015625,Frog,0.31585524442020574,0.00392156862745098,3,0.31585524442020574,Cat
425,Truck,0.99998987,0,3,0.2416174,Ship,0.99609375,0.00392156862745098,5,0.921875,Frog,0.6079592512644746,0.00392156862745098,5,0.6079592512644746,Frog
447,Airplane,0.9933832,0,11,0.51516515,Bird,0.86328125,0.00392156862745098,11,0.79296875,Bird,0.5579719831039733,0.00392156862745098,11,0.5579719831039733,Bird
452,Horse,0.9989293,0,1,0.577096,Frog,0.9609375,0.00392156862745098,1,0.89453125,Frog,0.3564385209419252,0.00392156862745098,2,0.3564385209419252,Frog
455,Deer,0.99971265,0,2,0.5389001,Dog,0.83984375,0.00392156862745098,3,0.98828125,Frog,0.3233877227613377,0.00392156862745098,2,0.3233877227613377,Horse
465,Deer,0.99961144,0,1,0.7564351,Bird,0.99609375,0.00392156862745098,3,0.8671875,Bird,0.5011315943808589,0.00392156862745098,3,0.5011315943808589,Bird
469,Ship,0.99999547,0,6,0.9375262,Automobile,0.99609375,0.00392156862745098,6,0.62890625,Automobile,0.42114032683304536,0.00392156862745098,12,0.42114032683304536,Cat
480,Ship,0.99238235,0,1,0.94576794,Cat,0.7109375,0.00392156862745098,1,0.41015625,Horse,0.2988198274734049,0.00392156862745098,1,0.2988198274734049,Cat
489,Airplane,0.9999168,0,7,0.9999865,Cat,0.99609375,0.00392156862745098,7,0.33984375,Cat,0.2899336636004244,0.00392156862745098,7,0.2899336636004244,Dog
497,Bird,0.99923706,0,2,0.40363395,Ship,0.99609375,0.00392156862745098,2,0.7265625,Horse,0.47359244175871945,0.00392156862745098,5,0.47359244175871945,Airplane
499,Airplane,0.95954716,0,4,0.61921495,Bird,0.58203125,0.00392156862745098,4,0.79296875,Bird,0.6021595402952417,0.00392156862745098,4,0.6021595402952417,Bird
504,Truck,0.99998045,0,3,0.66595215,Frog,0.99609375,0.00392156862745098,3,0.99609375,Frog,0.7062418164628445,0.00392156862745098,3,0.7062418164628445,Frog
510,Dog,0.99992967,0,2,0.9126167,Deer,0.99609375,0.00392156862745098,5,0.96875,Frog,0.46394515115630447,0.00392156862745098,5,0.46394515115630447,Frog
514,Dog,0.988858,0,1,0.45746315,Cat,0.86328125,0.00392156862745098,1,0.44921875,Cat,0.36525769177224554,0.00392156862745098,1,0.36525769177224554,Cat
524,Airplane,0.99980253,0,2,0.91937983,Ship,0.99609375,0.00392156862745098,3,0.92578125,Ship,0.5587422543481025,0.00392156862745098,3,0.5587422543481025,Ship
530,Truck,0.9999801,0,2,0.96959203,Ship,0.99609375,0.00392156862745098,3,0.7734375,Ship,0.7506476765461824,0.00392156862745098,3,0.7506476765461824,Ship
539,Airplane,0.9999846,0,2,0.6217632,Ship,0.99609375,0.00392156862745098,3,0.99609375,Frog,0.7532849187880679,0.00392156862745098,3,0.7532849187880679,Frog
545,Truck,0.9999566,0,3,0.8145045,Ship,0.99609375,0.00392156862745098,3,0.64453125,Airplane,0.6514126858341074,0.00392156862745098,3,0.6514126858341074,Airplane
555,Deer,0.99986684,0,2,0.44664136,Cat,0.99609375,0.00392156862745098,3,0.98046875,Ship,0.6559290119346372,0.00392156862745098,3,0.6559290119346372,Ship
556,Frog,0.99987054,0,2,0.64829814,Bird,0.99609375,0.00392156862745098,4,0.4453125,Deer,0.278025278338402,0.00392156862745098,3,0.278025278338402,Deer
560,Airplane,0.99997854,0,2,0.87567157,Ship,0.99609375,0.00392156862745098,5,0.92578125,Ship,0.5245690316771542,0.00392156862745098,5,0.5245690316771542,Ship
568,Truck,0.99962187,0,2,0.9194728,Frog,0.99609375,0.00392156862745098,2,0.98828125,Ship,0.8111256515805612,0.00392156862745098,2,0.8111256515805612,Ship
587,Deer,0.99644357,0,1,0.5494276,Bird,0.97265625,0.00392156862745098,1,0.6875,Bird,0.3679789889034057,0.00392156862745098,1,0.3679789889034057,Bird
595,Deer,0.99986875,0,2,0.5571845,Airplane,0.99609375,0.00392156862745098,6,0.99609375,Frog,0.711241283366646,0.00392156862745098,6,0.711241283366646,Frog
600,Ship,0.99977654,0,2,0.90965855,Truck,0.9921875,0.00392156862745098,2,0.57421875,Truck,0.7478642798162519,0.00392156862745098,3,0.7478642798162519,Truck
606,Deer,0.99810946,0,1,0.9748575,Frog,0.9921875,0.00392156862745098,7,0.55859375,Horse,0.2462177052460939,0.00392156862745098,9,0.2462177052460939,Frog
618,Bird,0.58028376,0,1,0.4101288,Frog,0.37109375,0.00392156862745098,2,0.37109375,Deer,0.3311096163738729,0.00392156862745098,1,0.3311096163738729,Cat
629,Automobile,0.99974304,0,2,0.682063,Truck,0.99609375,0.00392156862745098,3,0.40234375,Truck,0.5090066083260066,0.00392156862745098,3,0.5090066083260066,Ship
650,Cat,0.99998736,0,3,0.9715115,Frog,0.99609375,0.00392156862745098,3,0.921875,Frog,0.5442049962942676,0.00392156862745098,4,0.5442049962942676,Frog
654,Truck,0.99983466,0,2,0.610686,Automobile,0.99609375,0.00392156862745098,2,0.66015625,Automobile,0.6618071567923438,0.00392156862745098,4,0.6618071567923438,Automobile
660,Truck,0.99996114,0,3,0.45776772,Automobile,0.99609375,0.00392156862745098,6,0.9921875,Frog,0.6502318303624568,0.00392156862745098,6,0.6502318303624568,Frog
669,Cat,0.9766772,0,1,0.8316725,Bird,0.83984375,0.00392156862745098,1,0.78515625,Dog,0.42984044852298886,0.00392156862745098,1,0.42984044852298886,Dog
686,Truck,0.99998033,0,3,0.92406553,Frog,0.99609375,0.00392156862745098,3,0.9453125,Frog,0.35602287062106863,0.00392156862745098,3,0.35602287062106863,Bird
696,Ship,0.9990584,0,1,0.6029394,Airplane,0.85546875,0.00392156862745098,3,0.3671875,Airplane,0.33972889221644004,0.00392156862745098,1,0.33972889221644004,Airplane
702,Deer,0.9998939,0,2,0.9150262,Frog,0.99609375,0.00392156862745098,3,0.9453125,Frog,0.4673590578239247,0.00392156862745098,3,0.4673590578239247,Frog
703,Ship,0.9999174,0,2,0.43845633,Cat,0.99609375,0.00392156862745098,3,0.921875,Frog,0.49889002347470096,0.00392156862745098,3,0.49889002347470096,Dog
705,Deer,0.9999037,0,2,0.8354191,Bird,0.99609375,0.00392156862745098,4,0.99609375,Frog,0.7528170423043484,0.00392156862745098,4,0.7528170423043484,Frog
706,Bird,0.99956053,0,1,0.9547955,Airplane,0.99609375,0.00392156862745098,1,0.81640625,Airplane,0.5859951253259081,0.00392156862745098,1,0.5859951253259081,Airplane
716,Cat,0.99937373,0,1,0.9030623,Frog,0.99609375,0.00392156862745098,4,0.98046875,Frog,0.5105287549849379,0.00392156862745098,4,0.5105287549849379,Frog
736,Automobile,0.99753785,0,1,0.9220153,Truck,0.99609375,0.00392156862745098,1,0.66015625,Truck,0.6928003856825553,0.00392156862745098,1,0.6928003856825553,Truck
741,Horse,0.99996424,0,3,0.99815327,Bird,0.99609375,0.00392156862745098,3,0.73828125,Frog,0.4004031848932166,0.00392156862745098,3,0.4004031848932166,Frog
744,Truck,0.9949274,0,1,0.7526101,Automobile,0.78515625,0.00392156862745098,1,0.7265625,Frog,0.5372991767868379,0.00392156862745098,1,0.5372991767868379,Frog
746,Frog,0.99934524,0,1,0.6976795,Deer,0.99609375,0.00392156862745098,2,0.62109375,Deer,0.4351660518547148,0.00392156862745098,2,0.4351660518547148,Deer
750,Truck,0.9999031,0,2,0.76510316,Airplane,0.99609375,0.00392156862745098,3,0.8359375,Ship,0.6049256196485292,0.00392156862745098,3,0.6049256196485292,Ship
755,Bird,0.99755365,0,1,0.40428647,Deer,0.99609375,0.00392156862745098,1,0.99609375,Deer,0.6028607020281044,0.00392156862745098,1,0.6028607020281044,Deer
756,Frog,0.9988236,0,1,0.64179564,Deer,0.99609375,0.00392156862745098,3,0.7890625,Deer,0.49877648403768193,0.00392156862745098,3,0.49877648403768193,Deer
763,Airplane,0.9999007,0,2,0.93840545,Horse,0.99609375,0.00392156862745098,3,0.90625,Horse,0.8134059639495571,0.00392156862745098,3,0.8134059639495571,Horse
780,Truck,0.9999889,0,3,0.99518484,Automobile,0.99609375,0.00392156862745098,3,0.99609375,Automobile,0.7971667474951305,0.00392156862745098,3,0.7971667474951305,Automobile
782,Horse,0.99982613,0,2,0.59198076,Deer,0.99609375,0.00392156862745098,6,0.99609375,Frog,0.6695569099428145,0.00392156862745098,6,0.6695569099428145,Frog
789,Ship,0.9999881,0,2,0.9460347,Airplane,0.99609375,0.00392156862745098,3,0.99609375,Deer,0.5679704921868992,0.00392156862745098,3,0.5679704921868992,Deer
803,Horse,0.9998597,0,2,0.91115385,Deer,0.99609375,0.00392156862745098,3,0.984375,Deer,0.635313880325935,0.00392156862745098,3,0.635313880325935,Deer
812,Horse,0.99038017,0,1,0.70353734,Deer,0.9453125,0.00392156862745098,1,0.92578125,Deer,0.5709643628449246,0.00392156862745098,1,0.5709643628449246,Deer
832,Bird,0.9996741,0,2,0.3143416,Deer,0.99609375,0.00392156862745098,3,0.8671875,Frog,0.32659272729185945,0.00392156862745098,3,0.32659272729185945,Frog
838,Truck,0.9997162,0,2,0.57018405,Airplane,0.99609375,0.00392156862745098,3,0.76953125,Bird,0.5863275572486242,0.00392156862745098,2,0.5863275572486242,Bird
842,Horse,0.9997627,0,2,0.5476328,Deer,0.99609375,0.00392156862745098,3,0.99609375,Deer,0.8253403545109333,0.00392156862745098,3,0.8253403545109333,Deer
844,Automobile,0.99946815,0,2,0.82327855,Bird,0.99609375,0.00392156862745098,3,0.5078125,Frog,0.43055190753939465,0.00392156862745098,3,0.43055190753939465,Bird
846,Bird,0.9999697,0,3,0.4178498,Deer,0.99609375,0.00392156862745098,3,0.99609375,Frog,0.7030122949530311,0.00392156862745098,3,0.7030122949530311,Frog
850,Horse,0.9999747,0,3,0.899732,Frog,0.99609375,0.00392156862745098,3,0.9453125,Frog,0.5974954977975762,0.00392156862745098,3,0.5974954977975762,Frog
851,Truck,0.9989506,0,1,0.6876394,Automobile,0.765625,0.00392156862745098,1,0.96484375,Automobile,0.5556584120612423,0.00392156862745098,1,0.5556584120612423,Automobile
857,Airplane,0.9811168,0,1,0.5949725,Ship,0.98828125,0.00392156862745098,1,0.93359375,Ship,0.7278010171973149,0.00392156862745098,1,0.7278010171973149,Ship
873,Bird,0.99997866,0,2,0.94210654,Airplane,0.99609375,0.00392156862745098,3,0.5390625,Airplane,0.4873297409500278,0.00392156862745098,2,0.4873297409500278,Airplane
880,Ship,0.9998795,0,2,0.6304566,Airplane,0.99609375,0.00392156862745098,3,0.953125,Airplane,0.7563626076420288,0.00392156862745098,3,0.7563626076420288,Airplane
887,Automobile,0.99832803,0,1,0.78532547,Frog,0.96875,0.00392156862745098,3,0.5390625,Frog,0.4410218515769568,0.00392156862745098,3,0.4410218515769568,Frog
908,Ship,0.99999046,0,3,0.7470243,Deer,0.99609375,0.00392156862745098,3,0.8515625,Frog,0.38218155555573746,0.00392156862745098,3,0.38218155555573746,Frog
936,Bird,0.9999826,0,2,0.424478,Horse,0.9921875,0.00392156862745098,2,0.6796875,Deer,0.5814701375264237,0.00392156862745098,2,0.5814701375264237,Deer
939,Ship,0.9999056,0,2,0.7447727,Airplane,0.99609375,0.00392156862745098,3,0.90625,Airplane,0.6073409358619957,0.00392156862745098,3,0.6073409358619957,Airplane
946,Airplane,0.99983,0,2,0.8429614,Bird,0.99609375,0.00392156862745098,7,0.69921875,Bird,0.5433353777423332,0.00392156862745098,7,0.5433353777423332,Bird
955,Horse,0.9999664,0,2,0.98276085,Deer,0.99609375,0.00392156862745098,3,0.99609375,Deer,0.8822411288927677,0.00392156862745098,3,0.8822411288927677,Deer
973,Automobile,0.99962175,0,2,0.9667214,Truck,0.99609375,0.00392156862745098,2,0.9453125,Truck,0.5209913413039917,0.00392156862745098,2,0.5209913413039917,Truck
977,Ship,0.9997453,0,1,0.86085594,Airplane,0.99609375,0.00392156862745098,6,0.79296875,Frog,0.521117385167617,0.00392156862745098,6,0.521117385167617,Bird
980,Bird,0.9988092,0,1,0.8471196,Frog,0.99609375,0.00392156862745098,1,0.6953125,Frog,0.6286314452226073,0.00392156862745098,5,0.6286314452226073,Frog
993,Deer,0.98446584,0,1,0.75437874,Cat,0.875,0.00392156862745098,1,0.62890625,Horse,0.4808069276575829,0.00392156862745098,1,0.4808069276575829,Horse
1010,Airplane,0.99998903,0,15,0.67109066,Bird,0.99609375,0.00392156862745098,17,0.8828125,Bird,0.5061425424505527,0.00392156862745098,17,0.5061425424505527,Bird
1011,Ship,0.9999716,0,2,0.573614,Airplane,0.99609375,0.00392156862745098,4,0.9921875,Airplane,0.5343998613748588,0.00392156862745098,3,0.5343998613748588,Airplane
1017,Frog,0.99997103,0,3,0.45293677,Deer,0.99609375,0.00392156862745098,3,0.99609375,Bird,0.5963160828313299,0.00392156862745098,3,0.5963160828313299,Bird
1018,Airplane,0.9998486,0,3,0.5420298,Cat,0.99609375,0.00392156862745098,6,0.98046875,Bird,0.6247521167550952,0.00392156862745098,6,0.6247521167550952,Bird
1027,Airplane,0.9999634,0,2,0.61643404,Ship,0.99609375,0.00392156862745098,3,0.66796875,Deer,0.4995259394290909,0.00392156862745098,2,0.4995259394290909,Deer
1061,Automobile,0.9994344,0,1,0.86173135,Truck,0.99609375,0.00392156862745098,1,0.58203125,Truck,0.649313799220792,0.00392156862745098,1,0.649313799220792,Truck
1062,Frog,0.9999788,0,2,0.7007209,Horse,0.99609375,0.00392156862745098,5,0.99609375,Horse,0.47613497447961733,0.00392156862745098,3,0.47613497447961733,Horse
1092,Frog,0.99763286,0,1,0.45384017,Cat,0.828125,0.00392156862745098,1,0.4921875,Cat,0.4093578025824897,0.00392156862745098,1,0.4093578025824897,Cat
1093,Airplane,0.98409927,0,1,0.8451232,Ship,0.9375,0.00392156862745098,1,0.76171875,Ship,0.6797851186828692,0.00392156862745098,1,0.6797851186828692,Ship
1096,Horse,0.99956983,0,1,0.8082706,Dog,0.99609375,0.00392156862745098,4,0.73046875,Dog,0.48536251015871823,0.00392156862745098,3,0.48536251015871823,Dog
1097,Dog,0.9999677,0,2,0.5583448,Bird,0.99609375,0.00392156862745098,3,0.99609375,Truck,0.707084416784933,0.00392156862745098,3,0.707084416784933,Truck
1102,Ship,0.99998367,0,3,0.86942565,Airplane,0.99609375,0.00392156862745098,5,0.9921875,Frog,0.6713790712024289,0.00392156862745098,5,0.6713790712024289,Frog
1113,Ship,0.9999893,0,4,0.99231917,Bird,0.99609375,0.00392156862745098,4,0.9609375,Frog,0.5295314474886338,0.00392156862745098,4,0.5295314474886338,Frog
1114,Truck,0.99959224,0,2,0.5412024,Ship,0.99609375,0.00392156862745098,3,0.8984375,Ship,0.7309494155863594,0.00392156862745098,3,0.7309494155863594,Ship
1134,Automobile,0.99948525,0,1,0.8221707,Ship,0.99609375,0.00392156862745098,3,0.72265625,Ship,0.3415684216175292,0.00392156862745098,3,0.3415684216175292,Ship
1135,Frog,0.99993515,0,2,0.58109295,Cat,0.99609375,0.00392156862745098,6,0.91015625,Cat,0.5840773270506701,0.00392156862745098,5,0.5840773270506701,Cat
1136,Truck,0.99991584,0,2,0.8709304,Automobile,0.99609375,0.00392156862745098,2,0.66015625,Automobile,0.5177242691392275,0.00392156862745098,2,0.5177242691392275,Automobile
1142,Ship,0.99998,0,2,0.84638447,Airplane,0.99609375,0.00392156862745098,3,0.953125,Frog,0.5510328186953103,0.00392156862745098,3,0.5510328186953103,Frog
1146,Bird,0.99971,0,2,0.87703013,Deer,0.99609375,0.00392156862745098,3,0.98828125,Deer,0.6678480264191109,0.00392156862745098,3,0.6678480264191109,Deer
1161,Airplane,0.9999888,0,4,0.66619474,Frog,0.99609375,0.00392156862745098,4,0.99609375,Frog,0.8457987989255469,0.00392156862745098,4,0.8457987989255469,Frog
1164,Ship,0.9999651,0,3,0.97460073,Truck,0.99609375,0.00392156862745098,3,0.6953125,Truck,0.7176309658363585,0.00392156862745098,5,0.7176309658363585,Bird
1173,Cat,0.99722326,0,1,0.937536,Deer,0.99609375,0.00392156862745098,3,0.86328125,Deer,0.5172084017541551,0.00392156862745098,3,0.5172084017541551,Deer
1175,Truck,0.99994504,0,2,0.6529642,Automobile,0.99609375,0.00392156862745098,4,0.99609375,Frog,0.8492725356433657,0.00392156862745098,4,0.8492725356433657,Frog
1191,Automobile,0.9983197,0,1,0.7702439,Ship,0.9921875,0.00392156862745098,1,0.37109375,Airplane,0.4837379615783576,0.00392156862745098,1,0.4837379615783576,Airplane
1198,Horse,0.9999795,0,3,0.7021427,Deer,0.99609375,0.00392156862745098,3,0.671875,Frog,0.490517197254973,0.00392156862745098,3,0.490517197254973,Cat
1207,Deer,0.97738695,0,1,0.4594106,Ship,0.984375,0.00392156862745098,1,0.92578125,Bird,0.5668311491102399,0.00392156862745098,1,0.5668311491102399,Bird
1215,Horse,0.9999845,0,3,0.95616156,Dog,0.99609375,0.00392156862745098,3,0.97265625,Dog,0.4917827891796885,0.00392156862745098,3,0.4917827891796885,Dog
1218,Ship,0.99980694,0,2,0.991943,Airplane,0.99609375,0.00392156862745098,4,0.46484375,Airplane,0.418308610126593,0.00392156862745098,2,0.418308610126593,Airplane
1225,Frog,0.9999341,0,2,0.66338456,Bird,0.99609375,0.00392156862745098,4,0.85546875,Bird,0.652244107550899,0.00392156862745098,4,0.652244107550899,Bird
1237,Airplane,0.9987828,0,1,0.56722635,Ship,0.99609375,0.00392156862745098,4,0.54296875,Ship,0.519662271975558,0.00392156862745098,4,0.519662271975558,Ship
1245,Frog,0.99964345,0,2,0.64766544,Bird,0.99609375,0.00392156862745098,3,0.921875,Bird,0.731767973961845,0.00392156862745098,3,0.731767973961845,Bird
1250,Horse,0.9999796,0,3,0.4873694,Frog,0.99609375,0.00392156862745098,3,0.65625,Frog,0.461199445446184,0.00392156862745098,3,0.461199445446184,Frog
1254,Bird,0.9999968,0,3,0.8007383,Automobile,0.99609375,0.00392156862745098,3,0.73046875,Automobile,0.7229971686299934,0.00392156862745098,3,0.7229971686299934,Frog
1257,Bird,0.99997973,0,5,0.99999607,Frog,0.99609375,0.00392156862745098,5,0.99609375,Frog,0.6307433269555824,0.00392156862745098,5,0.6307433269555824,Frog
1260,Automobile,0.9998815,0,2,0.90740055,Truck,0.99609375,0.00392156862745098,3,0.9140625,Truck,0.7399254710560389,0.00392156862745098,3,0.7399254710560389,Truck
1279,Ship,0.99989116,0,3,0.57050395,Truck,0.6484375,0.00392156862745098,3,0.46484375,Automobile,0.4827715782796605,0.00392156862745098,5,0.4827715782796605,Frog
1283,Dog,0.99999034,0,4,0.51022357,Frog,0.99609375,0.00392156862745098,4,0.984375,Frog,0.6260583125271371,0.00392156862745098,4,0.6260583125271371,Frog
1284,Ship,0.99975437,0,2,0.61605257,Airplane,0.91015625,0.00392156862745098,2,0.6796875,Automobile,0.2889563191771348,0.00392156862745098,2,0.2889563191771348,Automobile
1294,Ship,0.99766845,0,1,0.8085493,Airplane,0.91015625,0.00392156862745098,1,0.60546875,Bird,0.4482475266837021,0.00392156862745098,12,0.4482475266837021,Airplane
1298,Truck,0.999912,0,2,0.6746026,Ship,0.99609375,0.00392156862745098,9,0.99609375,Frog,0.6850348431407058,0.00392156862745098,9,0.6850348431407058,Frog
1302,Frog,0.9998431,0,2,0.6992859,Deer,0.99609375,0.00392156862745098,3,0.86328125,Deer,0.6188620886153242,0.00392156862745098,3,0.6188620886153242,Deer
1307,Bird,0.9997949,0,2,0.705524,Airplane,0.99609375,0.00392156862745098,2,0.76171875,Airplane,0.5493048560083016,0.00392156862745098,2,0.5493048560083016,Airplane
1321,Bird,0.9998981,0,3,0.64503556,Automobile,0.8828125,0.00392156862745098,3,0.28125,Cat,0.44788299497054984,0.00392156862745098,3,0.44788299497054984,Cat
1330,Bird,0.99927586,0,2,0.55484015,Frog,0.9921875,0.00392156862745098,3,0.91796875,Frog,0.558313222125692,0.00392156862745098,2,0.558313222125692,Airplane
1343,Airplane,0.99991775,0,2,0.98491746,Ship,0.99609375,0.00392156862745098,3,0.99609375,Ship,0.9138769273551689,0.00392156862745098,3,0.9138769273551689,Ship
1345,Deer,0.9967439,0,1,0.4027214,Cat,0.99609375,0.00392156862745098,1,0.97265625,Bird,0.4050402618403831,0.00392156862745098,1,0.4050402618403831,Bird
1350,Deer,0.9983924,0,1,0.71292764,Frog,0.921875,0.00392156862745098,1,0.578125,Cat,0.35454087482759994,0.00392156862745098,4,0.35454087482759994,Cat
1356,Bird,0.99991345,0,2,0.5366951,Cat,0.99609375,0.00392156862745098,3,0.8515625,Cat,0.49839592925114684,0.00392156862745098,3,0.49839592925114684,Cat
1365,Airplane,0.99810636,0,3,0.85473657,Bird,0.99609375,0.00392156862745098,3,0.703125,Bird,0.4508875541566856,0.00392156862745098,3,0.4508875541566856,Bird
1370,Truck,0.99818724,0,1,0.53794724,Automobile,0.9609375,0.00392156862745098,2,0.58203125,Automobile,0.5988750527795478,0.00392156862745098,3,0.5988750527795478,Automobile
1372,Automobile,0.9996451,0,1,0.7838899,Truck,0.99609375,0.00392156862745098,4,0.9140625,Truck,0.7648094611587889,0.00392156862745098,4,0.7648094611587889,Truck
1377,Cat,0.9969909,0,1,0.7142593,Horse,0.89453125,0.00392156862745098,1,0.98828125,Horse,0.6389692832944859,0.00392156862745098,3,0.6389692832944859,Horse
1382,Bird,0.99996257,0,2,0.76477194,Airplane,0.99609375,0.00392156862745098,3,0.9765625,Ship,0.5456062051502337,0.00392156862745098,3,0.5456062051502337,Ship
1394,Frog,0.9471425,0,1,0.2800811,Deer,0.90625,0.00392156862745098,1,0.3984375,Cat,0.391990536022644,0.00392156862745098,1,0.391990536022644,Cat
1405,Automobile,0.9998895,0,2,0.9248899,Ship,0.99609375,0.00392156862745098,3,0.99609375,Ship,0.7921411718158966,0.00392156862745098,3,0.7921411718158966,Ship
1409,Airplane,0.9999888,0,3,0.8581641,Frog,0.99609375,0.00392156862745098,3,0.99609375,Frog,0.7669085352238549,0.00392156862745098,3,0.7669085352238549,Frog
1415,Horse,0.9998665,0,2,0.899657,Dog,0.99609375,0.00392156862745098,3,0.92578125,Deer,0.5761221486461766,0.00392156862745098,3,0.5761221486461766,Deer
1420,Deer,0.9999882,0,4,0.6111759,Frog,0.99609375,0.00392156862745098,4,0.99609375,Frog,0.8670158316975358,0.00392156862745098,4,0.8670158316975358,Frog
1433,Horse,0.99951804,0,2,0.56321263,Deer,0.8203125,0.00392156862745098,2,0.96484375,Deer,0.645065842753443,0.00392156862745098,2,0.645065842753443,Deer
1441,Deer,0.99950993,0,2,0.6337945,Bird,0.8125,0.00392156862745098,2,0.609375,Dog,0.35298139134019463,0.00392156862745098,2,0.35298139134019463,Dog
1448,Deer,0.9961653,0,1,0.7995261,Frog,0.99609375,0.00392156862745098,1,0.796875,Cat,0.47212774441387395,0.00392156862745098,1,0.47212774441387395,Cat
1450,Bird,0.99989474,0,2,0.93532413,Frog,0.5078125,0.00392156862745098,2,0.515625,Cat,0.4022638810672926,0.00392156862745098,2,0.4022638810672926,Cat
1458,Automobile,0.9999932,0,3,0.90287244,Frog,0.99609375,0.00392156862745098,3,0.99609375,Frog,0.6841438396639413,0.00392156862745098,3,0.6841438396639413,Frog
1459,Ship,0.9999846,0,2,0.9262117,Truck,0.99609375,0.00392156862745098,3,0.98828125,Frog,0.7519838335162657,0.00392156862745098,3,0.7519838335162657,Frog
1471,Ship,0.9997789,0,1,0.6572422,Airplane,0.99609375,0.00392156862745098,3,0.4765625,Bird,0.4272543104141216,0.00392156862745098,3,0.4272543104141216,Bird
1472,Horse,0.9999496,0,2,0.6735513,Deer,0.99609375,0.00392156862745098,3,0.77734375,Frog,0.5053900941582217,0.00392156862745098,3,0.5053900941582217,Deer
1475,Truck,0.9998104,0,2,0.75148016,Automobile,0.99609375,0.00392156862745098,3,0.69921875,Automobile,0.5661974127313525,0.00392156862745098,3,0.5661974127313525,Automobile
1484,Deer,0.9999926,0,4,0.6610826,Frog,0.99609375,0.00392156862745098,4,0.99609375,Frog,0.6291452700109809,0.00392156862745098,4,0.6291452700109809,Frog
1499,Ship,0.9999852,0,3,0.5947684,Deer,0.99609375,0.00392156862745098,3,0.953125,Frog,0.5208171520929044,0.00392156862745098,3,0.5208171520929044,Frog
1503,Deer,0.99831486,0,2,0.65818167,Cat,0.6015625,0.00392156862745098,2,0.4296875,Cat,0.4457124460065959,0.00392156862745098,2,0.4457124460065959,Cat
1505,Bird,0.9997675,0,2,0.49934688,Frog,0.99609375,0.00392156862745098,3,0.99609375,Frog,0.8134659512243897,0.00392156862745098,3,0.8134659512243897,Frog
1509,Automobile,0.99952376,0,2,0.6778341,Truck,0.99609375,0.00392156862745098,3,0.94921875,Frog,0.4575568510269429,0.00392156862745098,3,0.4575568510269429,Frog
1510,Ship,0.9996408,0,2,0.5349647,Frog,0.99609375,0.00392156862745098,2,0.57421875,Frog,0.34752020021237634,0.00392156862745098,2,0.34752020021237634,Frog
1524,Cat,0.9997631,0,2,0.60126734,Frog,0.99609375,0.00392156862745098,5,0.99609375,Frog,0.7839271001548126,0.00392156862745098,5,0.7839271001548126,Frog
1526,Deer,0.9997136,0,2,0.5912468,Frog,0.99609375,0.00392156862745098,5,0.99609375,Frog,0.8360506670803041,0.00392156862745098,5,0.8360506670803041,Frog
1532,Ship,0.99989724,0,2,0.6753026,Airplane,0.99609375,0.00392156862745098,4,0.609375,Airplane,0.6587562955864817,0.00392156862745098,4,0.6587562955864817,Airplane
1541,Deer,0.999985,0,3,0.97360164,Frog,0.99609375,0.00392156862745098,3,0.97265625,Frog,0.5698362833425549,0.00392156862745098,3,0.5698362833425549,Frog
1545,Automobile,0.99901414,0,1,0.9602251,Truck,0.99609375,0.00392156862745098,1,0.8828125,Truck,0.5141117103159047,0.00392156862745098,1,0.5141117103159047,Truck
1554,Deer,0.99907,0,1,0.9650411,Bird,0.99609375,0.00392156862745098,1,0.99609375,Frog,0.5172011258701655,0.00392156862745098,1,0.5172011258701655,Frog
1555,Airplane,0.99888283,0,1,0.65700316,Bird,0.99609375,0.00392156862745098,1,0.765625,Bird,0.6858283008702872,0.00392156862745098,3,0.6858283008702872,Bird
1601,Truck,0.9997609,0,2,0.64225984,Automobile,0.92578125,0.00392156862745098,2,0.66015625,Automobile,0.5543796393464817,0.00392156862745098,2,0.5543796393464817,Automobile
1602,Horse,0.999741,0,2,0.66763985,Cat,0.99609375,0.00392156862745098,3,0.9296875,Frog,0.3107164979076686,0.00392156862745098,3,0.3107164979076686,Frog
1609,Deer,0.99872786,0,1,0.55823076,Frog,0.99609375,0.00392156862745098,3,0.87890625,Frog,0.5419206115509196,0.00392156862745098,3,0.5419206115509196,Frog
1619,Deer,0.9999362,0,2,0.59093666,Frog,0.99609375,0.00392156862745098,4,0.99609375,Frog,0.6402572559549579,0.00392156862745098,4,0.6402572559549579,Frog
1624,Deer,0.9998857,0,2,0.6917338,Bird,0.99609375,0.00392156862745098,3,0.7578125,Frog,0.3267736008307274,0.00392156862745098,2,0.3267736008307274,Bird
1626,Truck,0.9998772,0,2,0.6471945,Airplane,0.99609375,0.00392156862745098,4,0.74609375,Deer,0.25149507259346493,0.00392156862745098,2,0.25149507259346493,Airplane
1630,Truck,0.99997485,0,3,0.8826576,Automobile,0.99609375,0.00392156862745098,3,0.66015625,Automobile,0.590132269676748,0.00392156862745098,3,0.590132269676748,Automobile
1631,Automobile,0.9999074,0,2,0.88453835,Truck,0.99609375,0.00392156862745098,4,0.99609375,Truck,0.8119425983810351,0.00392156862745098,4,0.8119425983810351,Truck
1632,Ship,0.99973196,0,2,0.56156945,Airplane,0.99609375,0.00392156862745098,5,0.65625,Frog,0.3403344166260415,0.00392156862745098,5,0.3403344166260415,Bird
1643,Truck,0.99951625,0,2,0.42727587,Automobile,0.99609375,0.00392156862745098,5,0.91015625,Frog,0.451047822549654,0.00392156862745098,5,0.451047822549654,Frog
1647,Horse,0.99984634,0,2,0.9321731,Dog,0.99609375,0.00392156862745098,18,0.5,Dog,0.4394080745215915,0.00392156862745098,32,0.4394080745215915,Dog
1650,Dog,0.9997471,0,2,0.74048465,Bird,0.99609375,0.00392156862745098,5,0.98828125,Frog,0.7212871295775617,0.00392156862745098,5,0.7212871295775617,Frog
1652,Airplane,0.9999291,0,3,0.563841,Frog,0.99609375,0.00392156862745098,3,0.99609375,Frog,0.8038669769333073,0.00392156862745098,3,0.8038669769333073,Frog
1661,Frog,0.9999738,0,3,0.6105151,Deer,0.99609375,0.00392156862745098,21,0.78515625,Deer,0.46616076738730383,0.00392156862745098,10,0.46616076738730383,Deer
1666,Frog,0.9966143,0,1,0.6340108,Bird,0.98828125,0.00392156862745098,2,0.62109375,Bird,0.4494276893485869,0.00392156862745098,1,0.4494276893485869,Bird
1670,Frog,0.9998117,0,2,0.46935686,Bird,0.9921875,0.00392156862745098,8,0.890625,Bird,0.40720775138205406,0.00392156862745098,7,0.40720775138205406,Cat
1673,Bird,0.99636495,0,1,0.4584941,Frog,0.96484375,0.00392156862745098,1,0.66015625,Airplane,0.5203936073445787,0.00392156862745098,1,0.5203936073445787,Airplane
1674,Deer,0.99946994,0,2,0.7345757,Bird,0.99609375,0.00392156862745098,2,0.5859375,Frog,0.43689488459455766,0.00392156862745098,2,0.43689488459455766,Bird
1679,Horse,0.99998724,0,3,0.43604955,Bird,0.99609375,0.00392156862745098,3,0.98046875,Frog,0.6862320258006799,0.00392156862745098,3,0.6862320258006799,Frog
1692,Truck,0.99997973,0,3,0.9995521,Automobile,0.9921875,0.00392156862745098,3,0.74609375,Automobile,0.48768206857038743,0.00392156862745098,3,0.48768206857038743,Automobile
1694,Airplane,0.9999486,0,6,0.9984818,Bird,0.99609375,0.00392156862745098,6,0.6015625,Bird,0.4379792274868376,0.00392156862745098,6,0.4379792274868376,Bird
1697,Truck,0.99989796,0,2,0.96819353,Automobile,0.99609375,0.00392156862745098,4,0.69921875,Automobile,0.41587206577810776,0.00392156862745098,3,0.41587206577810776,Frog
1699,Horse,0.9999877,0,3,0.90636563,Deer,0.99609375,0.00392156862745098,3,0.92578125,Frog,0.38830257639935917,0.00392156862745098,3,0.38830257639935917,Frog
1702,Truck,0.99988854,0,2,0.9771333,Ship,0.99609375,0.00392156862745098,7,0.65625,Ship,0.4427177689518954,0.00392156862745098,7,0.4427177689518954,Ship
1712,Airplane,0.999985,0,3,0.7150945,Ship,0.99609375,0.00392156862745098,3,0.92578125,Ship,0.36350929036968715,0.00392156862745098,3,0.36350929036968715,Bird
1728,Airplane,0.99989915,0,3,0.96836275,Deer,0.99609375,0.00392156862745098,3,0.97265625,Deer,0.7056826652303064,0.00392156862745098,3,0.7056826652303064,Deer
1741,Deer,0.99910223,0,1,0.76785564,Cat,0.99609375,0.00392156862745098,3,0.48828125,Cat,0.4569429577428028,0.00392156862745098,3,0.4569429577428028,Cat
1750,Ship,0.9997594,0,2,0.6993383,Airplane,0.98828125,0.00392156862745098,2,0.5,Airplane,0.5273875151365547,0.00392156862745098,2,0.5273875151365547,Airplane
1760,Airplane,0.99961615,0,2,0.4704824,Frog,0.99609375,0.00392156862745098,2,0.9140625,Frog,0.3250882001520451,0.00392156862745098,2,0.3250882001520451,Frog
1778,Ship,0.99997795,0,3,0.58956295,Airplane,0.99609375,0.00392156862745098,5,0.99609375,Frog,0.6700495218468079,0.00392156862745098,5,0.6700495218468079,Frog
1808,Truck,0.9999621,0,2,0.74692106,Automobile,0.99609375,0.00392156862745098,2,0.765625,Automobile,0.6369206547175779,0.00392156862745098,3,0.6369206547175779,Automobile
1817,Frog,0.9959495,0,1,0.71642494,Deer,0.99609375,0.00392156862745098,1,0.90234375,Deer,0.35368846110269886,0.00392156862745098,1,0.35368846110269886,Deer
1819,Airplane,0.9981285,0,1,0.63427854,Bird,0.99609375,0.00392156862745098,3,0.98828125,Bird,0.660650722265938,0.00392156862745098,3,0.660650722265938,Bird
1831,Truck,0.9997836,0,2,0.987136,Automobile,0.98828125,0.00392156862745098,2,0.79296875,Automobile,0.6220513447660907,0.00392156862745098,2,0.6220513447660907,Automobile
1840,Ship,0.9998319,0,2,0.5337369,Frog,0.99609375,0.00392156862745098,4,0.99609375,Frog,0.840388487233546,0.00392156862745098,4,0.840388487233546,Frog
1851,Airplane,0.999471,0,2,0.7434736,Bird,0.99609375,0.00392156862745098,3,0.6171875,Bird,0.67333720960647,0.00392156862745098,5,0.67333720960647,Bird
1853,Truck,0.99998605,0,3,0.79049075,Frog,0.99609375,0.00392156862745098,3,0.99609375,Frog,0.6847518932012777,0.00392156862745098,3,0.6847518932012777,Frog
1856,Ship,0.9999927,0,3,0.7175362,Airplane,0.99609375,0.00392156862745098,3,0.65625,Bird,0.7000596541770296,0.00392156862745098,3,0.7000596541770296,Airplane
1857,Dog,0.99997854,0,2,0.5705643,Horse,0.99609375,0.00392156862745098,3,0.97265625,Frog,0.3371143695684755,0.00392156862745098,3,0.3371143695684755,Frog
1859,Bird,0.99981433,0,2,0.93721414,Cat,0.99609375,0.00392156862745098,2,0.69140625,Cat,0.37522223421433254,0.00392156862745098,2,0.37522223421433254,Cat
1869,Ship,0.9992449,0,2,0.64486265,Airplane,0.9453125,0.00392156862745098,2,0.86328125,Airplane,0.45741257255047973,0.00392156862745098,2,0.45741257255047973,Airplane
1874,Ship,0.99997556,0,2,0.6582733,Airplane,0.99609375,0.00392156862745098,12,0.6015625,Cat,0.3723461458554355,0.00392156862745098,12,0.3723461458554355,Cat
1881,Truck,0.9999199,0,2,0.7244296,Ship,0.99609375,0.00392156862745098,3,0.79296875,Ship,0.6398518851902649,0.00392156862745098,3,0.6398518851902649,Ship
1888,Bird,0.99998355,0,3,0.29843873,Cat,0.58203125,0.00392156862745098,3,0.9921875,Horse,0.7507271363228655,0.00392156862745098,3,0.7507271363228655,Horse
1893,Truck,0.9999285,0,2,0.9380068,Automobile,0.984375,0.00392156862745098,2,0.8984375,Automobile,0.5556811408974806,0.00392156862745098,2,0.5556811408974806,Automobile
1903,Airplane,0.9999887,0,3,0.52541125,Frog,0.99609375,0.00392156862745098,3,0.9609375,Frog,0.3403536031802578,0.00392156862745098,3,0.3403536031802578,Frog
1923,Automobile,0.9999783,0,3,0.73870355,Ship,0.99609375,0.00392156862745098,3,0.42578125,Frog,0.3852941158683221,0.00392156862745098,3,0.3852941158683221,Ship
1932,Airplane,0.9984176,0,2,0.9638308,Frog,0.99609375,0.00392156862745098,2,0.48046875,Bird,0.41062307070561066,0.00392156862745098,2,0.41062307070561066,Bird
1959,Airplane,0.99968994,0,2,0.54816186,Bird,0.69921875,0.00392156862745098,2,0.9609375,Bird,0.6970692748830245,0.00392156862745098,2,0.6970692748830245,Bird
1960,Bird,0.9999865,0,2,0.8302221,Cat,0.9921875,0.00392156862745098,2,0.60546875,Horse,0.7674715579143884,0.00392156862745098,4,0.7674715579143884,Frog
1966,Horse,0.9996854,0,2,0.5372568,Dog,0.99609375,0.00392156862745098,3,0.48046875,Deer,0.38961118344115064,0.00392156862745098,4,0.38961118344115064,Deer
1967,Horse,0.999926,0,2,0.8856502,Deer,0.99609375,0.00392156862745098,3,0.92578125,Deer,0.75601810941963,0.00392156862745098,3,0.75601810941963,Deer
1968,Ship,0.9999763,0,5,0.6534279,Airplane,0.99609375,0.00392156862745098,5,0.7578125,Deer,0.509912514966547,0.00392156862745098,5,0.509912514966547,Airplane
1973,Airplane,0.9989667,0,2,0.86055374,Bird,0.99609375,0.00392156862745098,2,0.70703125,Cat,0.42983113637605874,0.00392156862745098,2,0.42983113637605874,Cat
1984,Horse,0.999228,0,1,0.6931388,Deer,0.99609375,0.00392156862745098,4,0.8984375,Deer,0.5539557918671887,0.00392156862745098,4,0.5539557918671887,Deer
1990,Deer,0.9998679,0,2,0.98545223,Frog,0.99609375,0.00392156862745098,3,0.99609375,Frog,0.8820755310905308,0.00392156862745098,3,0.8820755310905308,Frog
2000,Automobile,0.9999895,0,3,0.87684184,Frog,0.99609375,0.00392156862745098,3,0.99609375,Frog,0.6779965299874772,0.00392156862745098,3,0.6779965299874772,Frog
2002,Deer,0.967138,0,1,0.8598595,Bird,0.98828125,0.00392156862745098,1,0.62109375,Bird,0.5122157866598548,0.00392156862745098,1,0.5122157866598548,Bird
2006,Horse,0.99691147,0,1,0.6605962,Deer,0.98828125,0.00392156862745098,1,0.84375,Deer,0.6427510937531375,0.00392156862745098,1,0.6427510937531375,Deer
2009,Automobile,0.9998921,0,2,0.55372584,Ship,0.98828125,0.00392156862745098,2,0.98828125,Truck,0.5416615772517221,0.00392156862745098,2,0.5416615772517221,Truck
2011,Bird,0.9991543,0,1,0.48206788,Cat,0.97265625,0.00392156862745098,1,0.72265625,Cat,0.28286708326057675,0.00392156862745098,1,0.28286708326057675,Cat
2014,Ship,0.9999865,0,4,0.9631215,Bird,0.99609375,0.00392156862745098,4,0.99609375,Frog,0.5757036482150409,0.00392156862745098,4,0.5757036482150409,Frog
2021,Ship,0.9996916,0,2,0.8427994,Airplane,0.99609375,0.00392156862745098,3,0.9921875,Airplane,0.7114424769486357,0.00392156862745098,3,0.7114424769486357,Airplane
2027,Truck,0.9996686,0,2,0.84726584,Automobile,0.99609375,0.00392156862745098,3,0.796875,Frog,0.3587343677085892,0.00392156862745098,3,0.3587343677085892,Frog
2028,Horse,0.9999608,0,3,0.53127825,Deer,0.99609375,0.00392156862745098,3,0.7265625,Frog,0.5128304636466132,0.00392156862745098,3,0.5128304636466132,Deer
2041,Airplane,0.9999416,0,3,0.797147,Deer,0.97265625,0.00392156862745098,3,0.71875,Ship,0.2953976587848876,0.00392156862745098,3,0.2953976587848876,Frog
2043,Ship,0.99992335,0,5,0.88883257,Airplane,0.99609375,0.00392156862745098,5,0.91015625,Airplane,0.5729266576453999,0.00392156862745098,5,0.5729266576453999,Airplane
2053,Frog,0.99995744,0,2,0.7348138,Deer,0.99609375,0.00392156862745098,3,0.9921875,Deer,0.7600162865840017,0.00392156862745098,3,0.7600162865840017,Deer
2062,Horse,0.9978053,0,1,0.6837045,Dog,0.99609375,0.00392156862745098,3,0.94921875,Deer,0.4788104399352238,0.00392156862745098,1,0.4788104399352238,Deer
2086,Automobile,0.9999765,0,2,0.56010807,Truck,0.99609375,0.00392156862745098,3,0.96484375,Truck,0.615843898215991,0.00392156862745098,3,0.615843898215991,Truck
2109,Airplane,0.99997365,0,3,0.5066694,Ship,0.99609375,0.00392156862745098,3,0.95703125,Bird,0.5922397213195172,0.00392156862745098,3,0.5922397213195172,Bird
2110,Airplane,0.9999865,0,3,0.79009986,Bird,0.99609375,0.00392156862745098,3,0.984375,Frog,0.6743556780932604,0.00392156862745098,3,0.6743556780932604,Frog
2112,Automobile,0.9984432,0,1,0.60176605,Truck,0.99609375,0.00392156862745098,3,0.8828125,Truck,0.6259622582422267,0.00392156862745098,3,0.6259622582422267,Truck
2114,Bird,0.9946597,0,1,0.57829946,Cat,0.44921875,0.00392156862745098,1,0.5078125,Cat,0.3910930426327233,0.00392156862745098,1,0.3910930426327233,Dog
2115,Dog,0.9995932,0,2,0.44880408,Cat,0.99609375,0.00392156862745098,3,0.98828125,Deer,0.6310682174433143,0.00392156862745098,3,0.6310682174433143,Deer
2124,Airplane,0.9999701,0,6,0.37131464,Frog,0.99609375,0.00392156862745098,6,0.98046875,Bird,0.6333084691465521,0.00392156862745098,6,0.6333084691465521,Bird
2132,Bird,0.9979011,0,1,0.89198047,Frog,0.921875,0.00392156862745098,4,0.7890625,Frog,0.6184450506894567,0.00392156862745098,4,0.6184450506894567,Frog
2139,Ship,0.9999453,0,3,0.5731291,Frog,0.99609375,0.00392156862745098,3,0.99609375,Automobile,0.38555741184565123,0.00392156862745098,3,0.38555741184565123,Automobile
2160,Airplane,0.99980575,0,2,0.66228086,Ship,0.99609375,0.00392156862745098,4,0.99609375,Ship,0.8599025123099808,0.00392156862745098,4,0.8599025123099808,Ship
2171,Bird,0.9992442,0,1,0.82803595,Dog,0.4140625,0.00392156862745098,1,0.515625,Dog,0.4608974689157616,0.00392156862745098,3,0.4608974689157616,Dog
2199,Bird,0.99989164,0,2,0.5474095,Dog,0.7265625,0.00392156862745098,2,0.40625,Dog,0.4129042419079418,0.00392156862745098,2,0.4129042419079418,Dog
2229,Deer,0.9994824,0,1,0.73128045,Horse,0.99609375,0.00392156862745098,4,0.9765625,Horse,0.5332780525453219,0.00392156862745098,4,0.5332780525453219,Horse
2230,Cat,0.9997727,0,2,0.5744179,Deer,0.99609375,0.00392156862745098,3,0.65234375,Frog,0.4477114308176499,0.00392156862745098,3,0.4477114308176499,Deer
2239,Horse,0.9998487,0,2,0.5643632,Deer,0.99609375,0.00392156862745098,3,0.99609375,Deer,0.8325701827793857,0.00392156862745098,3,0.8325701827793857,Deer
2244,Truck,0.9981407,0,1,0.9670406,Automobile,0.58203125,0.00392156862745098,1,0.98828125,Automobile,0.6007689426295195,0.00392156862745098,1,0.6007689426295195,Automobile
2252,Cat,0.99966836,0,2,0.4944643,Frog,0.671875,0.00392156862745098,2,0.55859375,Horse,0.34322335227904754,0.00392156862745098,3,0.34322335227904754,Frog
2256,Deer,0.9999708,0,3,0.9326485,Frog,0.99609375,0.00392156862745098,3,0.99609375,Frog,0.8142828476818982,0.00392156862745098,3,0.8142828476818982,Frog
2260,Deer,0.99986804,0,2,0.3806912,Frog,0.99609375,0.00392156862745098,2,0.99609375,Frog,0.6578468013861495,0.00392156862745098,2,0.6578468013861495,Frog
2266,Ship,0.9999702,0,2,0.559258,Airplane,0.99609375,0.00392156862745098,7,0.3671875,Bird,0.40834194411143876,0.00392156862745098,7,0.40834194411143876,Airplane
2272,Horse,0.9999783,0,2,0.5098472,Deer,0.99609375,0.00392156862745098,3,0.99609375,Deer,0.6904416372955108,0.00392156862745098,3,0.6904416372955108,Deer
2280,Deer,0.99967396,0,1,0.61769605,Airplane,0.99609375,0.00392156862745098,3,0.98828125,Airplane,0.7182265591742668,0.00392156862745098,3,0.7182265591742668,Airplane
2281,Dog,0.9999292,0,2,0.80546534,Cat,0.99609375,0.00392156862745098,3,0.9609375,Frog,0.47704192508739424,0.00392156862745098,3,0.47704192508739424,Frog
2284,Ship,0.9999546,0,2,0.9528939,Airplane,0.99609375,0.00392156862745098,4,0.99609375,Frog,0.8061417291032523,0.00392156862745098,4,0.8061417291032523,Frog
2296,Truck,0.9999852,0,3,0.9896393,Frog,0.99609375,0.00392156862745098,3,0.7890625,Frog,0.6385810091466037,0.00392156862745098,3,0.6385810091466037,Frog
2302,Airplane,0.9999732,0,2,0.57226235,Deer,0.99609375,0.00392156862745098,4,0.99609375,Frog,0.7325363666936784,0.00392156862745098,4,0.7325363666936784,Frog
2310,Frog,0.9985655,0,2,0.882938,Deer,0.99609375,0.00392156862745098,2,0.91015625,Deer,0.652555876606697,0.00392156862745098,2,0.652555876606697,Deer
2313,Frog,0.9999714,0,3,0.9571655,Deer,0.99609375,0.00392156862745098,3,0.625,Bird,0.4133008178026107,0.00392156862745098,3,0.4133008178026107,Bird
2318,Bird,0.9999355,0,2,0.64853364,Airplane,0.99609375,0.00392156862745098,4,0.8359375,Deer,0.38228810134080154,0.00392156862745098,4,0.38228810134080154,Deer
2321,Bird,0.99946445,0,2,0.35562864,Deer,0.44140625,0.00392156862745098,2,0.66015625,Cat,0.6326132184076076,0.00392156862745098,2,0.6326132184076076,Cat
2322,Airplane,0.9771136,0,1,0.5528195,Bird,0.54296875,0.00392156862745098,1,0.8984375,Bird,0.6497374489514242,0.00392156862745098,1,0.6497374489514242,Bird
2324,Airplane,0.99998987,0,4,0.99974126,Bird,0.9921875,0.00392156862745098,4,0.99609375,Frog,0.5949646409430356,0.00392156862745098,4,0.5949646409430356,Frog
2341,Airplane,0.99958783,0,2,0.398196,Frog,0.99609375,0.00392156862745098,2,0.58203125,Bird,0.7022329263609215,0.00392156862745098,3,0.7022329263609215,Bird
2354,Ship,0.99997544,0,3,0.9268295,Airplane,0.99609375,0.00392156862745098,3,0.9453125,Frog,0.4523531001717992,0.00392156862745098,3,0.4523531001717992,Frog
2359,Bird,0.99991596,0,2,0.8507112,Deer,0.99609375,0.00392156862745098,2,0.85546875,Deer,0.5357360016806723,0.00392156862745098,2,0.5357360016806723,Deer
2364,Frog,0.99997675,0,3,0.99046797,Bird,0.99609375,0.00392156862745098,4,0.984375,Bird,0.6553169412977481,0.00392156862745098,4,0.6553169412977481,Bird
2368,Airplane,0.9997708,0,2,0.6779552,Ship,0.99609375,0.00392156862745098,3,0.99609375,Ship,0.9117924540100579,0.00392156862745098,3,0.9117924540100579,Ship
2377,Frog,0.9999895,0,3,0.9504429,Deer,0.99609375,0.00392156862745098,5,0.91796875,Deer,0.6565748628772581,0.00392156862745098,5,0.6565748628772581,Deer
2382,Truck,0.9999012,0,2,0.9372937,Automobile,0.984375,0.00392156862745098,2,0.9375,Automobile,0.542463719769506,0.00392156862745098,2,0.542463719769506,Automobile
2390,Automobile,0.9996594,0,2,0.9157726,Truck,0.99609375,0.00392156862745098,2,0.9453125,Truck,0.5359715392291268,0.00392156862745098,2,0.5359715392291268,Truck
2393,Automobile,0.9998354,0,2,0.86584413,Truck,0.98046875,0.00392156862745098,3,0.59375,Truck,0.46634766885763296,0.00392156862745098,7,0.46634766885763296,Truck
2395,Horse,0.9984213,0,1,0.7202686,Deer,0.99609375,0.00392156862745098,4,0.43359375,Deer,0.3912350954806096,0.00392156862745098,4,0.3912350954806096,Deer
2396,Automobile,0.99946684,0,1,0.93485916,Truck,0.99609375,0.00392156862745098,1,0.65234375,Truck,0.37226343058509337,0.00392156862745098,1,0.37226343058509337,Horse
2415,Frog,0.9999809,0,2,0.54608464,Deer,0.99609375,0.00392156862745098,3,0.97265625,Deer,0.6477033506149207,0.00392156862745098,3,0.6477033506149207,Deer
2418,Ship,0.99998426,0,3,0.8234281,Airplane,0.99609375,0.00392156862745098,25,0.58203125,Airplane,0.5746885940734761,0.00392156862745098,25,0.5746885940734761,Airplane
2424,Ship,0.9999709,0,3,0.59123427,Deer,0.99609375,0.00392156862745098,3,0.99609375,Frog,0.6128085891197766,0.00392156862745098,3,0.6128085891197766,Frog
2425,Airplane,0.9994873,0,2,0.5148101,Truck,0.921875,0.00392156862745098,3,0.9609375,Truck,0.4473138661261017,0.00392156862745098,30,0.4473138661261017,Truck
2429,Ship,0.9999716,0,2,0.6859689,Airplane,0.99609375,0.00392156862745098,3,0.9921875,Bird,0.6828612985594665,0.00392156862745098,3,0.6828612985594665,Bird
2443,Bird,0.99352247,0,1,0.7214047,Airplane,0.6875,0.00392156862745098,1,0.953125,Airplane,0.4853502150591395,0.00392156862745098,1,0.4853502150591395,Airplane
2463,Airplane,0.9984114,0,2,0.3708242,Cat,0.9765625,0.00392156862745098,2,0.4765625,Truck,0.48255521381505834,0.00392156862745098,2,0.48255521381505834,Truck
2493,Truck,0.99971384,0,2,0.9023198,Automobile,0.625,0.00392156862745098,2,0.9921875,Automobile,0.5822785240442522,0.00392156862745098,2,0.5822785240442522,Automobile
2497,Truck,0.99969757,0,2,0.5576517,Ship,0.9609375,0.00392156862745098,2,0.56640625,Ship,0.3865040924633118,0.00392156862745098,2,0.3865040924633118,Airplane
2498,Cat,0.9997204,0,2,0.8935535,Frog,0.99609375,0.00392156862745098,3,0.99609375,Frog,0.8245614029764446,0.00392156862745098,3,0.8245614029764446,Frog
2503,Ship,0.99994135,0,2,0.8639018,Airplane,0.99609375,0.00392156862745098,3,0.5859375,Frog,0.23430846560677432,0.00392156862745098,3,0.23430846560677432,Frog
2504,Automobile,0.9987992,0,2,0.5777572,Ship,0.99609375,0.00392156862745098,5,0.890625,Frog,0.6152453887212298,0.00392156862745098,5,0.6152453887212298,Ship
2505,Horse,0.9999428,0,2,0.9359011,Deer,0.99609375,0.00392156862745098,3,0.48828125,Frog,0.27134409318647235,0.00392156862745098,3,0.27134409318647235,Deer
2518,Horse,0.99982554,0,2,0.63000923,Deer,0.99609375,0.00392156862745098,3,0.62109375,Frog,0.49478331668109016,0.00392156862745098,3,0.49478331668109016,Deer
2519,Deer,0.99970406,0,1,0.50592655,Frog,0.99609375,0.00392156862745098,4,0.85546875,Frog,0.5738649271673751,0.00392156862745098,4,0.5738649271673751,Frog
2523,Deer,0.9034166,0,1,0.41995788,Frog,0.6640625,0.00392156862745098,1,0.62109375,Frog,0.32808910912121614,0.00392156862745098,1,0.32808910912121614,Frog
2539,Ship,0.9986547,0,1,0.6217959,Automobile,0.98828125,0.00392156862745098,4,0.83984375,Automobile,0.4817841644547764,0.00392156862745098,4,0.4817841644547764,Automobile
2540,Bird,0.8846423,0,1,0.7410611,Frog,0.55859375,0.00392156862745098,1,0.55859375,Frog,0.41189203895617515,0.00392156862745098,1,0.41189203895617515,Cat
2549,Frog,0.9999113,0,2,0.87028307,Deer,0.99609375,0.00392156862745098,3,0.53515625,Deer,0.6080552868102608,0.00392156862745098,3,0.6080552868102608,Deer
2552,Truck,0.99741614,0,1,0.47799948,Automobile,0.96484375,0.00392156862745098,1,0.9296875,Deer,0.5097708146154178,0.00392156862745098,1,0.5097708146154178,Deer
2557,Bird,0.9999515,0,2,0.8724233,Frog,0.9921875,0.00392156862745098,2,0.81640625,Frog,0.41821718595391133,0.00392156862745098,3,0.41821718595391133,Frog
2560,Horse,0.9998603,0,2,0.50656354,Deer,0.99609375,0.00392156862745098,3,0.95703125,Deer,0.5633615900536717,0.00392156862745098,3,0.5633615900536717,Deer
2587,Airplane,0.99992585,0,2,0.7559165,Truck,0.99609375,0.00392156862745098,2,0.6953125,Truck,0.41629247344647985,0.00392156862745098,3,0.41629247344647985,Truck
2589,Airplane,0.99993587,0,3,0.8350537,Deer,0.69921875,0.00392156862745098,3,0.4296875,Frog,0.4143325414472975,0.00392156862745098,3,0.4143325414472975,Bird
2595,Deer,0.9999304,0,2,0.46978876,Dog,0.99609375,0.00392156862745098,3,0.7734375,Dog,0.33771352930964715,0.00392156862745098,3,0.33771352930964715,Cat
2604,Ship,0.99979085,0,1,0.74895877,Deer,0.99609375,0.00392156862745098,3,0.984375,Deer,0.7898799842061597,0.00392156862745098,3,0.7898799842061597,Deer
2610,Bird,0.9999633,0,2,0.9028263,Frog,0.99609375,0.00392156862745098,3,0.7578125,Frog,0.6176139846133306,0.00392156862745098,4,0.6176139846133306,Frog
2613,Frog,0.9969927,0,1,0.7839831,Bird,0.99609375,0.00392156862745098,1,0.6328125,Bird,0.4110052095838456,0.00392156862745098,1,0.4110052095838456,Bird
2614,Airplane,0.99820364,0,2,0.5665285,Bird,0.99609375,0.00392156862745098,2,0.484375,Truck,0.7285634295419239,0.00392156862745098,3,0.7285634295419239,Ship
2619,Horse,0.9993845,0,1,0.61297953,Cat,0.99609375,0.00392156862745098,3,0.87109375,Cat,0.5140816497123284,0.00392156862745098,3,0.5140816497123284,Cat
2622,Airplane,0.9515471,0,1,0.8968472,Deer,0.99609375,0.00392156862745098,1,0.953125,Deer,0.5631411922327069,0.00392156862745098,1,0.5631411922327069,Deer
2628,Airplane,0.9996257,0,2,0.6887346,Bird,0.99609375,0.00392156862745098,2,0.6015625,Ship,0.39694122328827364,0.00392156862745098,2,0.39694122328827364,Ship
2637,Frog,0.99966884,0,2,0.70071316,Deer,0.99609375,0.00392156862745098,3,0.5859375,Deer,0.42397393855580423,0.00392156862745098,3,0.42397393855580423,Deer
2640,Horse,0.9995907,0,2,0.7547023,Deer,0.9375,0.00392156862745098,2,0.98828125,Deer,0.6756929461087087,0.00392156862745098,2,0.6756929461087087,Deer
2654,Dog,0.99998593,0,3,0.68127877,Bird,0.99609375,0.00392156862745098,3,0.9921875,Frog,0.6933970439900969,0.00392156862745098,3,0.6933970439900969,Frog
2665,Automobile,0.9999018,0,2,0.70631045,Truck,0.99609375,0.00392156862745098,27,0.625,Truck,0.4773815856387811,0.00392156862745098,2,0.4773815856387811,Truck
2668,Airplane,0.98507327,0,1,0.7663424,Bird,0.99609375,0.00392156862745098,1,0.99609375,Bird,0.781937586480723,0.00392156862745098,1,0.781937586480723,Bird
2669,Frog,0.9999722,0,3,0.57449275,Bird,0.99609375,0.00392156862745098,6,0.39453125,Bird,0.49671605717035155,0.00392156862745098,6,0.49671605717035155,Bird
2677,Horse,0.9999429,0,2,0.6966859,Deer,0.99609375,0.00392156862745098,2,0.6953125,Deer,0.5515198543332648,0.00392156862745098,2,0.5515198543332648,Deer
2681,Airplane,0.9999894,0,3,0.27977997,Bird,0.99609375,0.00392156862745098,3,0.96875,Frog,0.23489373946903333,0.00392156862745098,3,0.23489373946903333,Cat
2686,Horse,0.9983369,0,1,0.9316033,Frog,0.99609375,0.00392156862745098,3,0.99609375,Frog,0.8214154239193938,0.00392156862745098,3,0.8214154239193938,Frog
2691,Bird,0.9999728,0,3,0.9987016,Frog,0.99609375,0.00392156862745098,3,0.99609375,Frog,0.7214328045478245,0.00392156862745098,3,0.7214328045478245,Frog
2692,Ship,0.9999403,0,3,0.98683923,Airplane,0.99609375,0.00392156862745098,5,0.58203125,Airplane,0.48437188534500997,0.00392156862745098,5,0.48437188534500997,Airplane
2693,Truck,0.9999075,0,2,0.8608393,Automobile,0.99609375,0.00392156862745098,3,0.99609375,Automobile,0.7474703658285169,0.00392156862745098,3,0.7474703658285169,Automobile
2696,Bird,0.9998196,0,2,0.44056615,Deer,0.99609375,0.00392156862745098,3,0.99609375,Deer,0.735180578001831,0.00392156862745098,3,0.735180578001831,Deer
2701,Automobile,0.9973912,0,1,0.8051305,Truck,0.97265625,0.00392156862745098,2,0.54296875,Truck,0.6094170288166749,0.00392156862745098,1,0.6094170288166749,Truck
2710,Horse,0.9999753,0,2,0.89490485,Deer,0.99609375,0.00392156862745098,3,0.984375,Deer,0.7138272287605275,0.00392156862745098,3,0.7138272287605275,Deer
2717,Airplane,0.9984831,0,2,0.5612267,Bird,0.99609375,0.00392156862745098,3,0.8984375,Bird,0.6278033990424499,0.00392156862745098,3,0.6278033990424499,Bird
2720,Cat,0.9999813,0,3,0.9964095,Bird,0.99609375,0.00392156862745098,3,0.81640625,Bird,0.5108524120575131,0.00392156862745098,3,0.5108524120575131,Bird
2724,Airplane,0.999984,0,3,0.89015245,Frog,0.99609375,0.00392156862745098,3,0.68359375,Frog,0.32411299122963905,0.00392156862745098,3,0.32411299122963905,Deer
2733,Cat,0.99963784,0,2,0.6466706,Horse,0.99609375,0.00392156862745098,5,0.99609375,Frog,0.7262993737716327,0.00392156862745098,5,0.7262993737716327,Frog
2734,Horse,0.99963605,0,2,0.65670824,Deer,0.99609375,0.00392156862745098,6,0.69140625,Deer,0.4695604717357495,0.00392156862745098,12,0.4695604717357495,Deer
2735,Bird,0.99986875,0,2,0.94484466,Frog,0.99609375,0.00392156862745098,3,0.98828125,Frog,0.6484973804888506,0.00392156862745098,3,0.6484973804888506,Frog
2749,Airplane,0.99996626,0,3,0.8900091,Frog,0.99609375,0.00392156862745098,3,0.9921875,Frog,0.7474398402564812,0.00392156862745098,3,0.7474398402564812,Frog
2761,Horse,0.9996177,0,2,0.5872799,Deer,0.99609375,0.00392156862745098,3,0.80078125,Ship,0.40256635318859635,0.00392156862745098,3,0.40256635318859635,Deer
2769,Bird,0.99344975,0,1,0.8081031,Truck,0.6328125,0.00392156862745098,1,0.37890625,Frog,0.5261661645522012,0.00392156862745098,1,0.5261661645522012,Cat
2771,Horse,0.99900526,0,2,0.39721417,Deer,0.99609375,0.00392156862745098,2,0.3984375,Deer,0.3753445925263189,0.00392156862745098,2,0.3753445925263189,Bird
2773,Automobile,0.9997826,0,2,0.56619537,Ship,0.99609375,0.00392156862745098,3,0.91796875,Ship,0.4998728049187404,0.00392156862745098,3,0.4998728049187404,Ship
2776,Horse,0.9999616,0,2,0.6586486,Deer,0.99609375,0.00392156862745098,4,0.69921875,Frog,0.49649101419226777,0.00392156862745098,2,0.49649101419226777,Deer
2786,Deer,0.9995066,0,2,0.7286921,Frog,0.9921875,0.00392156862745098,2,0.84765625,Frog,0.6488501897052662,0.00392156862745098,3,0.6488501897052662,Frog
2790,Ship,0.9999956,0,3,0.8025057,Bird,0.99609375,0.00392156862745098,3,0.98046875,Frog,0.5796542310718096,0.00392156862745098,3,0.5796542310718096,Frog
2794,Airplane,0.9942416,0,1,0.55274403,Ship,0.9140625,0.00392156862745098,1,0.8828125,Ship,0.5687259385366069,0.00392156862745098,2,0.5687259385366069,Ship
2796,Horse,0.9999771,0,2,0.7385533,Deer,0.99609375,0.00392156862745098,4,0.93359375,Frog,0.4584630956399206,0.00392156862745098,4,0.4584630956399206,Frog
2798,Cat,0.91029185,0,1,0.5900314,Dog,0.875,0.00392156862745098,1,0.9140625,Dog,0.49428938822409907,0.00392156862745098,1,0.49428938822409907,Dog
2812,Airplane,0.99822193,0,2,0.64144415,Deer,0.99609375,0.00392156862745098,2,0.29296875,Frog,0.31520547805278676,0.00392156862745098,2,0.31520547805278676,Bird
2817,Truck,0.99998677,0,3,0.60360086,Automobile,0.99609375,0.00392156862745098,3,0.96875,Automobile,0.5566934519151213,0.00392156862745098,3,0.5566934519151213,Automobile
2824,Horse,0.9960588,0,1,0.8080409,Deer,0.9921875,0.00392156862745098,3,0.953125,Deer,0.46527694384493246,0.00392156862745098,1,0.46527694384493246,Deer
2836,Cat,0.9971915,0,1,0.3871391,Ship,0.796875,0.00392156862745098,1,0.48828125,Ship,0.6639354546361999,0.00392156862745098,1,0.6639354546361999,Ship
2842,Horse,0.9990816,0,1,0.934513,Deer,0.9921875,0.00392156862745098,1,0.90625,Deer,0.4881591786088228,0.00392156862745098,1,0.4881591786088228,Deer
2853,Truck,0.99996483,0,3,0.97945696,Automobile,0.99609375,0.00392156862745098,3,0.99609375,Automobile,0.7601693610224971,0.00392156862745098,3,0.7601693610224971,Automobile
2856,Bird,0.9999144,0,2,0.5502539,Horse,0.99609375,0.00392156862745098,3,0.44921875,Cat,0.619909629418936,0.00392156862745098,2,0.619909629418936,Horse
2857,Airplane,0.9999857,0,3,0.54705995,Frog,0.99609375,0.00392156862745098,3,0.52734375,Bird,0.43792316313340707,0.00392156862745098,3,0.43792316313340707,Bird
2859,Automobile,0.99990237,0,2,0.45786175,Truck,0.99609375,0.00392156862745098,2,0.8203125,Truck,0.6768341211586446,0.00392156862745098,2,0.6768341211586446,Truck
2861,Dog,0.9969183,0,1,0.4573386,Frog,0.9921875,0.00392156862745098,1,0.9453125,Frog,0.5046467335855762,0.00392156862745098,1,0.5046467335855762,Frog
2866,Truck,0.9967326,0,1,0.5123044,Automobile,0.58203125,0.00392156862745098,1,0.76171875,Automobile,0.6066126122560971,0.00392156862745098,3,0.6066126122560971,Automobile
2867,Horse,0.9861226,0,1,0.5660775,Frog,0.828125,0.00392156862745098,1,0.6953125,Frog,0.3776978490216296,0.00392156862745098,1,0.3776978490216296,Frog
2871,Cat,0.9983646,0,1,0.86574566,Frog,0.99609375,0.00392156862745098,3,0.98046875,Frog,0.47458021445264525,0.00392156862745098,3,0.47458021445264525,Frog
2873,Truck,0.99996686,0,5,0.99715817,Automobile,0.99609375,0.00392156862745098,5,0.3046875,Frog,0.360128794084523,0.00392156862745098,5,0.360128794084523,Frog
2875,Automobile,0.9998086,0,2,0.91706437,Ship,0.99609375,0.00392156862745098,3,0.9921875,Ship,0.5251153390569017,0.00392156862745098,3,0.5251153390569017,Ship
2882,Horse,0.9999914,0,4,0.9999722,Bird,0.99609375,0.00392156862745098,4,0.99609375,Frog,0.6145282980002665,0.00392156862745098,4,0.6145282980002665,Frog
2887,Truck,0.99951816,0,1,0.8183505,Automobile,0.98046875,0.00392156862745098,2,0.5,Automobile,0.6636805580667026,0.00392156862745098,3,0.6636805580667026,Automobile
2897,Cat,0.99565965,0,1,0.6078047,Deer,0.984375,0.00392156862745098,3,0.37109375,Frog,0.5357632136318979,0.00392156862745098,3,0.5357632136318979,Dog
2899,Truck,0.9982931,0,1,0.60638505,Automobile,0.99609375,0.00392156862745098,3,0.6015625,Automobile,0.310769204581776,0.00392156862745098,3,0.310769204581776,Cat
2902,Truck,0.99919266,0,1,0.92689556,Ship,0.9921875,0.00392156862745098,3,0.89453125,Ship,0.6255884168112249,0.00392156862745098,3,0.6255884168112249,Ship
2903,Bird,0.9662882,0,1,0.7908894,Cat,0.59375,0.00392156862745098,1,0.65234375,Cat,0.47003842015338787,0.00392156862745098,1,0.47003842015338787,Cat
2907,Truck,0.9998902,0,2,0.989907,Airplane,0.99609375,0.00392156862745098,3,0.98046875,Frog,0.4724102272333983,0.00392156862745098,3,0.4724102272333983,Airplane
2909,Airplane,0.99202687,0,2,0.74181324,Deer,0.99609375,0.00392156862745098,3,0.984375,Bird,0.6899873777270331,0.00392156862745098,3,0.6899873777270331,Bird
2910,Ship,0.97603375,0,1,0.73093355,Airplane,0.390625,0.00392156862745098,1,0.75,Airplane,0.5070807794635813,0.00392156862745098,1,0.5070807794635813,Airplane
2925,Deer,0.99994254,0,2,0.9038964,Frog,0.99609375,0.00392156862745098,2,0.85546875,Frog,0.3609900781667752,0.00392156862745098,2,0.3609900781667752,Cat
2932,Truck,0.9999229,0,2,0.9926836,Automobile,0.99609375,0.00392156862745098,3,0.8125,Frog,0.6268048746487679,0.00392156862745098,3,0.6268048746487679,Frog
2941,Ship,0.99997866,0,3,0.5814818,Bird,0.99609375,0.00392156862745098,3,0.4375,Truck,0.35976424137422847,0.00392156862745098,3,0.35976424137422847,Cat
2952,Cat,0.9969041,0,2,0.5269455,Dog,0.97265625,0.00392156862745098,3,0.8984375,Dog,0.48447278344083794,0.00392156862745098,3,0.48447278344083794,Dog
2956,Airplane,0.99944955,0,1,0.5925353,Ship,0.92578125,0.00392156862745098,4,0.99609375,Ship,0.6624598289296192,0.00392156862745098,4,0.6624598289296192,Ship
2961,Deer,0.9999838,0,2,0.5070373,Horse,0.99609375,0.00392156862745098,3,0.99609375,Frog,0.6647179641611519,0.00392156862745098,3,0.6647179641611519,Frog
2971,Deer,0.999951,0,3,0.9995646,Frog,0.99609375,0.00392156862745098,3,0.99609375,Frog,0.7485031573622977,0.00392156862745098,3,0.7485031573622977,Frog
2973,Airplane,0.99996734,0,2,0.5433303,Ship,0.9765625,0.00392156862745098,2,0.53125,Ship,0.5830405779259912,0.00392156862745098,3,0.5830405779259912,Frog
2991,Cat,0.99801624,0,2,0.7655872,Deer,0.99609375,0.00392156862745098,3,0.86328125,Deer,0.436764369205982,0.00392156862745098,4,0.436764369205982,Deer
3002,Horse,0.9997267,0,2,0.41842985,Bird,0.9921875,0.00392156862745098,3,0.37109375,Frog,0.40244557978265194,0.00392156862745098,3,0.40244557978265194,Deer
3004,Deer,0.99996126,0,2,0.48470134,Cat,0.99609375,0.00392156862745098,3,0.67578125,Cat,0.3477210760381097,0.00392156862745098,3,0.3477210760381097,Cat
3034,Bird,0.9999089,0,2,0.6625656,Deer,0.99609375,0.00392156862745098,2,0.96484375,Deer,0.490772583420297,0.00392156862745098,2,0.490772583420297,Deer
3046,Ship,0.99997675,0,3,0.9536482,Airplane,0.99609375,0.00392156862745098,3,0.5,Deer,0.3811831382866349,0.00392156862745098,3,0.3811831382866349,Airplane
3079,Ship,0.9994993,0,1,0.865518,Airplane,0.98828125,0.00392156862745098,5,0.921875,Airplane,0.8111932708946272,0.00392156862745098,5,0.8111932708946272,Airplane
3085,Bird,0.9948873,0,1,0.64284647,Frog,0.69140625,0.00392156862745098,1,0.98046875,Frog,0.401998246868423,0.00392156862745098,1,0.401998246868423,Frog
3091,Automobile,0.989302,0,1,0.55767715,Ship,0.8984375,0.00392156862745098,1,0.54296875,Truck,0.5192261393256276,0.00392156862745098,1,0.5192261393256276,Truck
3100,Airplane,0.997747,0,2,0.73053396,Deer,0.99609375,0.00392156862745098,3,0.99609375,Bird,0.7034923298130894,0.00392156862745098,3,0.7034923298130894,Bird
3108,Ship,0.9995289,0,1,0.45491007,Deer,0.9140625,0.00392156862745098,1,0.62890625,Deer,0.4081306424588772,0.00392156862745098,1,0.4081306424588772,Deer
3111,Airplane,0.9993875,0,1,0.9102729,Ship,0.98046875,0.00392156862745098,3,0.98828125,Ship,0.6134083049970622,0.00392156862745098,3,0.6134083049970622,Ship
3120,Deer,0.9998548,0,2,0.5224789,Horse,0.9921875,0.00392156862745098,2,0.4296875,Horse,0.32487195394358925,0.00392156862745098,2,0.32487195394358925,Bird
3136,Deer,0.99998236,0,3,0.6734641,Bird,0.99609375,0.00392156862745098,3,0.99609375,Frog,0.7312709777667934,0.00392156862745098,3,0.7312709777667934,Frog
3140,Ship,0.999853,0,2,0.65470016,Airplane,0.99609375,0.00392156862745098,5,0.46484375,Cat,0.32464742389063606,0.00392156862745098,5,0.32464742389063606,Frog
3143,Cat,0.99998355,0,3,0.9971559,Frog,0.99609375,0.00392156862745098,3,0.953125,Deer,0.4184977667052143,0.00392156862745098,3,0.4184977667052143,Deer
3156,Truck,0.99997544,0,3,0.8862999,Frog,0.99609375,0.00392156862745098,3,0.8046875,Frog,0.6190657550524854,0.00392156862745098,3,0.6190657550524854,Frog
3158,Airplane,0.99495465,0,1,0.78787756,Ship,0.8984375,0.00392156862745098,1,0.765625,Ship,0.6255344045348425,0.00392156862745098,1,0.6255344045348425,Ship
3159,Bird,0.99998,0,5,0.9990706,Deer,0.99609375,0.00392156862745098,5,0.828125,Frog,0.4299417277567001,0.00392156862745098,5,0.4299417277567001,Deer
3191,Airplane,0.9997993,0,2,0.42280132,Ship,0.90234375,0.00392156862745098,2,0.53515625,Deer,0.3643245299480966,0.00392156862745098,2,0.3643245299480966,Ship
3193,Bird,0.99975973,0,1,0.55254847,Deer,0.953125,0.00392156862745098,1,0.66015625,Deer,0.4866811055572492,0.00392156862745098,3,0.4866811055572492,Deer
3209,Horse,0.9821775,0,1,0.50688756,Frog,0.78125,0.00392156862745098,1,0.65234375,Airplane,0.4004440429981009,0.00392156862745098,1,0.4004440429981009,Airplane
3213,Truck,0.99947995,0,2,0.86425376,Automobile,0.69921875,0.00392156862745098,2,0.98828125,Automobile,0.6677442019163051,0.00392156862745098,2,0.6677442019163051,Automobile
3214,Frog,0.9995473,0,1,0.5574602,Cat,0.98828125,0.00392156862745098,2,0.49609375,Cat,0.533263417404514,0.00392156862745098,1,0.533263417404514,Cat
3223,Horse,0.9998667,0,2,0.83443975,Dog,0.99609375,0.00392156862745098,3,0.93359375,Deer,0.4185309520268803,0.00392156862745098,3,0.4185309520268803,Deer
3245,Horse,0.9999771,0,3,0.52792,Frog,0.99609375,0.00392156862745098,3,0.93359375,Frog,0.5160231649192352,0.00392156862745098,3,0.5160231649192352,Frog
3256,Deer,0.9999335,0,2,0.9298284,Bird,0.99609375,0.00392156862745098,3,0.99609375,Bird,0.7165477221442302,0.00392156862745098,3,0.7165477221442302,Bird
3259,Cat,0.99814785,0,1,0.33064646,Dog,0.703125,0.00392156862745098,1,0.7890625,Dog,0.453411385037504,0.00392156862745098,1,0.453411385037504,Dog
3296,Deer,0.9987583,0,1,0.89056194,Frog,0.99609375,0.00392156862745098,7,0.98046875,Frog,0.5426268178939254,0.00392156862745098,7,0.5426268178939254,Frog
3302,Airplane,0.9984541,0,1,0.59497917,Ship,0.99609375,0.00392156862745098,1,0.7265625,Cat,0.40801615884511444,0.00392156862745098,1,0.40801615884511444,Cat
3310,Frog,0.99950325,0,1,0.9088777,Bird,0.99609375,0.00392156862745098,3,0.953125,Bird,0.5695381375391835,0.00392156862745098,3,0.5695381375391835,Bird
3360,Deer,0.9996649,0,1,0.8241726,Airplane,0.984375,0.00392156862745098,1,0.5,Bird,0.5332762905215611,0.00392156862745098,3,0.5332762905215611,Bird
3378,Deer,0.9983265,0,2,0.71684307,Horse,0.99609375,0.00392156862745098,2,0.87109375,Horse,0.35688655210527326,0.00392156862745098,2,0.35688655210527326,Horse
3385,Ship,0.99997365,0,5,0.44081149,Frog,0.99609375,0.00392156862745098,5,0.8359375,Frog,0.4860459849958357,0.00392156862745098,5,0.4860459849958357,Frog
3421,Airplane,0.9994667,0,1,0.7321058,Ship,0.99609375,0.00392156862745098,3,0.96875,Ship,0.3387493870006135,0.00392156862745098,2,0.3387493870006135,Ship
3423,Ship,0.99997675,0,2,0.44665942,Cat,0.99609375,0.00392156862745098,2,0.58984375,Bird,0.531305776824994,0.00392156862745098,2,0.531305776824994,Bird
3424,Dog,0.9997441,0,2,0.5013037,Deer,0.99609375,0.00392156862745098,3,0.95703125,Deer,0.32464754421854797,0.00392156862745098,3,0.32464754421854797,Deer
3429,Airplane,0.8604043,0,1,0.76032364,Deer,0.99609375,0.00392156862745098,1,0.984375,Deer,0.6902651754991995,0.00392156862745098,1,0.6902651754991995,Deer
3431,Deer,0.9999002,0,2,0.7881575,Frog,0.99609375,0.00392156862745098,3,0.99609375,Frog,0.8209216139452773,0.00392156862745098,3,0.8209216139452773,Frog
3432,Dog,0.9999851,0,2,0.49911144,Bird,0.99609375,0.00392156862745098,2,0.9453125,Frog,0.8093372522680375,0.00392156862745098,3,0.8093372522680375,Frog
3448,Frog,0.99995553,0,2,0.9821607,Dog,0.99609375,0.00392156862745098,7,0.85546875,Deer,0.37948802803333437,0.00392156862745098,4,0.37948802803333437,Deer
3462,Bird,0.99941564,0,2,0.80281967,Deer,0.99609375,0.00392156862745098,2,0.86328125,Truck,0.30768878334544125,0.00392156862745098,3,0.30768878334544125,Cat
3464,Truck,0.9996371,0,1,0.8175565,Automobile,0.99609375,0.00392156862745098,4,0.99609375,Automobile,0.7282026381906183,0.00392156862745098,4,0.7282026381906183,Automobile
3475,Airplane,0.9988287,0,1,0.55580294,Bird,0.99609375,0.00392156862745098,1,0.67578125,Bird,0.44464371073443365,0.00392156862745098,1,0.44464371073443365,Deer
3519,Ship,0.9999057,0,2,0.95201856,Cat,0.99609375,0.00392156862745098,4,0.99609375,Frog,0.6868804565979426,0.00392156862745098,4,0.6868804565979426,Frog
3521,Ship,0.999959,0,2,0.73668015,Airplane,0.99609375,0.00392156862745098,4,0.73046875,Airplane,0.5446753997798081,0.00392156862745098,4,0.5446753997798081,Bird
3526,Deer,0.99976844,0,2,0.94043946,Frog,0.98828125,0.00392156862745098,2,0.99609375,Frog,0.8520480567658882,0.00392156862745098,3,0.8520480567658882,Frog
3528,Automobile,0.9999856,0,3,0.9992798,Truck,0.9765625,0.00392156862745098,3,0.99609375,Truck,0.7275062111892721,0.00392156862745098,3,0.7275062111892721,Truck
3533,Bird,0.9999597,0,2,0.58350134,Frog,0.99609375,0.00392156862745098,2,0.71484375,Deer,0.33685009015007483,0.00392156862745098,2,0.33685009015007483,Cat
3536,Airplane,0.9999505,0,3,0.98283595,Ship,0.99609375,0.00392156862745098,3,0.625,Ship,0.5772038178974143,0.00392156862745098,3,0.5772038178974143,Ship
3538,Bird,0.99993026,0,2,0.7662354,Deer,0.99609375,0.00392156862745098,4,0.54296875,Frog,0.507304081297561,0.00392156862745098,4,0.507304081297561,Deer
3541,Bird,0.9998221,0,2,0.61642426,Frog,0.99609375,0.00392156862745098,4,0.97265625,Frog,0.713035443355632,0.00392156862745098,4,0.713035443355632,Frog
3545,Deer,0.99952316,0,1,0.6424289,Bird,0.99609375,0.00392156862745098,3,0.8046875,Bird,0.6827434648467934,0.00392156862745098,3,0.6827434648467934,Bird
3554,Automobile,0.9999745,0,2,0.9476197,Truck,0.99609375,0.00392156862745098,2,0.984375,Truck,0.6140927626679656,0.00392156862745098,2,0.6140927626679656,Truck
3557,Truck,0.98924726,0,1,0.47079346,Frog,0.94921875,0.00392156862745098,2,0.41796875,Bird,0.31482037894650766,0.00392156862745098,1,0.31482037894650766,Bird
3558,Dog,0.99982077,0,2,0.98914194,Horse,0.984375,0.00392156862745098,2,0.99609375,Horse,0.6260299581297725,0.00392156862745098,2,0.6260299581297725,Horse
3582,Frog,0.99998176,0,6,0.99581903,Automobile,0.99609375,0.00392156862745098,6,0.96484375,Automobile,0.5492874138024477,0.00392156862745098,6,0.5492874138024477,Automobile
3586,Ship,0.9999869,0,3,0.93904316,Airplane,0.99609375,0.00392156862745098,3,0.8203125,Frog,0.31529676447330723,0.00392156862745098,3,0.31529676447330723,Airplane
3589,Horse,0.99966025,0,2,0.50716937,Frog,0.99609375,0.00392156862745098,3,0.99609375,Frog,0.8240065712163139,0.00392156862745098,3,0.8240065712163139,Frog
3591,Frog,0.9998568,0,4,0.8352377,Bird,0.99609375,0.00392156862745098,9,0.6875,Bird,0.4338137538788304,0.00392156862745098,7,0.4338137538788304,Bird
3608,Airplane,0.99940515,0,2,0.7901158,Truck,0.9609375,0.00392156862745098,2,0.9453125,Truck,0.5073439734043913,0.00392156862745098,3,0.5073439734043913,Truck
3616,Deer,0.9998374,0,2,0.9330027,Bird,0.99609375,0.00392156862745098,3,0.875,Horse,0.5130507508377798,0.00392156862745098,3,0.5130507508377798,Horse
3629,Automobile,0.9991197,0,1,0.93929857,Airplane,0.99609375,0.00392156862745098,3,0.66015625,Airplane,0.498825890068417,0.00392156862745098,1,0.498825890068417,Airplane
3648,Horse,0.9999628,0,2,0.7970573,Deer,0.99609375,0.00392156862745098,3,0.98046875,Deer,0.725908919035955,0.00392156862745098,3,0.725908919035955,Deer
3651,Airplane,0.9995776,0,2,0.6739392,Ship,0.98828125,0.00392156862745098,10,0.9921875,Frog,0.7065051090597901,0.00392156862745098,10,0.7065051090597901,Frog
3652,Bird,0.99990547,0,2,0.96460164,Airplane,0.99609375,0.00392156862745098,2,0.87890625,Airplane,0.5351296656541722,0.00392156862745098,2,0.5351296656541722,Airplane
3656,Bird,0.999003,0,1,0.5401821,Automobile,0.99609375,0.00392156862745098,3,0.828125,Horse,0.29306560455077346,0.00392156862745098,3,0.29306560455077346,Cat
3657,Horse,0.99982077,0,2,0.40331408,Deer,0.99609375,0.00392156862745098,3,0.921875,Frog,0.5433014548020062,0.00392156862745098,3,0.5433014548020062,Frog
3670,Truck,0.9999403,0,2,0.5691434,Automobile,0.9609375,0.00392156862745098,2,0.953125,Automobile,0.553532734807599,0.00392156862745098,2,0.553532734807599,Automobile
3677,Deer,0.9964935,0,1,0.5266571,Frog,0.7734375,0.00392156862745098,1,0.82421875,Airplane,0.5260854346419354,0.00392156862745098,1,0.5260854346419354,Airplane
3684,Truck,0.9989492,0,1,0.600228,Automobile,0.98828125,0.00392156862745098,3,0.54296875,Automobile,0.49503777519453157,0.00392156862745098,3,0.49503777519453157,Automobile
3686,Ship,0.9998388,0,2,0.5904135,Deer,0.99609375,0.00392156862745098,3,0.47265625,Airplane,0.5069402011521363,0.00392156862745098,3,0.5069402011521363,Airplane
3687,Truck,0.99993443,0,2,0.8856811,Automobile,0.99609375,0.00392156862745098,2,0.984375,Automobile,0.5829823893305898,0.00392156862745098,2,0.5829823893305898,Automobile
3692,Deer,0.9999912,0,3,0.67648256,Bird,0.99609375,0.00392156862745098,3,0.99609375,Frog,0.6293465446049981,0.00392156862745098,3,0.6293465446049981,Frog
3702,Automobile,0.9992781,0,1,0.7959224,Ship,0.99609375,0.00392156862745098,4,0.9296875,Ship,0.6027863141381434,0.00392156862745098,4,0.6027863141381434,Ship
3703,Frog,0.99995303,0,2,0.48486927,Cat,0.99609375,0.00392156862745098,10,0.76171875,Cat,0.316453177703045,0.00392156862745098,3,0.316453177703045,Cat
3706,Deer,0.9733567,0,1,0.9462196,Frog,0.9453125,0.00392156862745098,1,0.73046875,Frog,0.43503450282698025,0.00392156862745098,1,0.43503450282698025,Frog
3720,Bird,0.9999572,0,3,0.68932426,Frog,0.99609375,0.00392156862745098,3,0.65234375,Frog,0.3373175471062844,0.00392156862745098,3,0.3373175471062844,Frog
3747,Truck,0.9603128,0,1,0.93767077,Automobile,0.69921875,0.00392156862745098,1,0.69921875,Automobile,0.4700384933035154,0.00392156862745098,1,0.4700384933035154,Automobile
3750,Truck,0.9990728,0,1,0.9635721,Automobile,0.84375,0.00392156862745098,1,0.54296875,Automobile,0.5970828744325642,0.00392156862745098,1,0.5970828744325642,Automobile
3758,Bird,0.99146277,0,1,0.612272,Frog,0.99609375,0.00392156862745098,1,0.64453125,Frog,0.5242692535212568,0.00392156862745098,1,0.5242692535212568,Frog
3760,Horse,0.9999703,0,2,0.98780584,Deer,0.99609375,0.00392156862745098,3,0.984375,Deer,0.7238559308404033,0.00392156862745098,3,0.7238559308404033,Deer
3767,Frog,0.99997115,0,2,0.77324224,Ship,0.99609375,0.00392156862745098,7,0.98046875,Deer,0.6832632875916848,0.00392156862745098,7,0.6832632875916848,Deer
3768,Automobile,0.9999777,0,3,0.63707745,Frog,0.99609375,0.00392156862745098,3,0.9921875,Frog,0.7775181291178711,0.00392156862745098,3,0.7775181291178711,Frog
3773,Bird,0.99997723,0,2,0.9446238,Dog,0.99609375,0.00392156862745098,2,0.5390625,Dog,0.7028177776302439,0.00392156862745098,3,0.7028177776302439,Frog
3777,Horse,0.99918646,0,2,0.5208569,Deer,0.99609375,0.00392156862745098,2,0.8984375,Deer,0.5132981959293925,0.00392156862745098,2,0.5132981959293925,Deer
3781,Bird,0.99998057,0,2,0.6089853,Frog,0.99609375,0.00392156862745098,3,0.96875,Frog,0.4209538807735165,0.00392156862745098,3,0.4209538807735165,Frog
3827,Deer,0.99868816,0,1,0.9059802,Frog,0.9609375,0.00392156862745098,1,0.96875,Frog,0.4777051013251578,0.00392156862745098,3,0.4777051013251578,Frog
3833,Truck,0.9999788,0,3,0.70652133,Frog,0.99609375,0.00392156862745098,3,0.99609375,Frog,0.6822405905669224,0.00392156862745098,3,0.6822405905669224,Frog
3841,Truck,0.99998045,0,3,0.6799128,Frog,0.98046875,0.00392156862745098,3,0.5390625,Frog,0.49463244321009486,0.00392156862745098,3,0.49463244321009486,Automobile
3843,Horse,0.9999373,0,2,0.9588108,Deer,0.99609375,0.00392156862745098,3,0.8671875,Deer,0.526605573147042,0.00392156862745098,3,0.526605573147042,Deer
3845,Airplane,0.9998473,0,2,0.63852304,Ship,0.99609375,0.00392156862745098,3,0.99609375,Ship,0.7804693117831073,0.00392156862745098,3,0.7804693117831073,Ship
3847,Airplane,0.99990463,0,2,0.63141376,Ship,0.99609375,0.00392156862745098,4,0.9921875,Frog,0.7306857185558371,0.00392156862745098,4,0.7306857185558371,Frog
3852,Bird,0.99984324,0,3,0.4782888,Airplane,0.99609375,0.00392156862745098,3,0.71484375,Airplane,0.6613945153920305,0.00392156862745098,3,0.6613945153920305,Airplane
3858,Ship,0.9999919,0,3,0.86037844,Frog,0.99609375,0.00392156862745098,3,0.99609375,Frog,0.7535118242632585,0.00392156862745098,3,0.7535118242632585,Frog
3862,Deer,0.99097705,0,1,0.6686132,Frog,0.8515625,0.00392156862745098,1,0.96875,Frog,0.46681651125930673,0.00392156862745098,1,0.46681651125930673,Frog
3864,Cat,0.99937856,0,1,0.7345552,Airplane,0.83984375,0.00392156862745098,1,0.6640625,Horse,0.4684820177335187,0.00392156862745098,8,0.4684820177335187,Horse
3870,Ship,0.99990165,0,2,0.85436964,Frog,0.99609375,0.00392156862745098,2,0.87890625,Deer,0.4984655507354623,0.00392156862745098,2,0.4984655507354623,Deer
3879,Horse,0.9999249,0,2,0.73419225,Deer,0.99609375,0.00392156862745098,3,0.671875,Frog,0.306011033113978,0.00392156862745098,3,0.306011033113978,Bird
3880,Frog,0.9999355,0,2,0.8920299,Deer,0.99609375,0.00392156862745098,5,0.98828125,Deer,0.5201912152034806,0.00392156862745098,4,0.5201912152034806,Deer
3882,Automobile,0.999984,0,2,0.5803659,Truck,0.9921875,0.00392156862745098,2,0.84375,Truck,0.6075748253751533,0.00392156862745098,2,0.6075748253751533,Truck
3893,Truck,0.99994886,0,2,0.5899724,Automobile,0.99609375,0.00392156862745098,3,0.8828125,Automobile,0.40989624071901315,0.00392156862745098,3,0.40989624071901315,Automobile
3912,Ship,0.99990094,0,2,0.67569584,Airplane,0.99609375,0.00392156862745098,2,0.81640625,Bird,0.6958519153320765,0.00392156862745098,3,0.6958519153320765,Bird
3913,Horse,0.9978484,0,1,0.9076908,Deer,0.5546875,0.00392156862745098,1,0.4921875,Dog,0.35777362383824396,0.00392156862745098,1,0.35777362383824396,Dog
3916,Truck,0.9999232,0,2,0.9275065,Automobile,0.98828125,0.00392156862745098,2,0.99609375,Automobile,0.6512653276403398,0.00392156862745098,2,0.6512653276403398,Automobile
3919,Horse,0.99995387,0,2,0.89280516,Deer,0.99609375,0.00392156862745098,3,0.54296875,Deer,0.34843068910331637,0.00392156862745098,3,0.34843068910331637,Deer
3925,Automobile,0.9999887,0,2,0.9053671,Ship,0.99609375,0.00392156862745098,3,0.921875,Ship,0.6570848565752574,0.00392156862745098,3,0.6570848565752574,Ship
3932,Frog,0.99935645,0,1,0.92894053,Deer,0.99609375,0.00392156862745098,3,0.98828125,Deer,0.6542267098706236,0.00392156862745098,3,0.6542267098706236,Deer
3933,Frog,0.99997365,0,2,0.7929596,Automobile,0.99609375,0.00392156862745098,4,0.75390625,Automobile,0.6195508418014942,0.00392156862745098,5,0.6195508418014942,Automobile
3937,Ship,0.9999907,0,3,0.5235414,Automobile,0.99609375,0.00392156862745098,11,0.5546875,Frog,0.37305475282745115,0.00392156862745098,11,0.37305475282745115,Bird
3942,Automobile,0.99997985,0,3,0.99895763,Truck,0.99609375,0.00392156862745098,3,0.8203125,Truck,0.5325727789356659,0.00392156862745098,3,0.5325727789356659,Truck
3955,Airplane,0.9999455,0,2,0.55234826,Ship,0.9921875,0.00392156862745098,2,0.33203125,Truck,0.6871584818902821,0.00392156862745098,4,0.6871584818902821,Ship
3971,Airplane,0.999946,0,2,0.7974464,Ship,0.98046875,0.00392156862745098,3,0.66015625,Deer,0.3670624644583891,0.00392156862745098,3,0.3670624644583891,Deer
3972,Horse,0.99913067,0,1,0.97196984,Deer,0.99609375,0.00392156862745098,6,0.9921875,Deer,0.8933669528068033,0.00392156862745098,6,0.8933669528068033,Deer
3988,Automobile,0.9990301,0,1,0.6233084,Frog,0.99609375,0.00392156862745098,3,0.8828125,Frog,0.812334823218036,0.00392156862745098,3,0.812334823218036,Frog
3992,Airplane,0.99715877,0,1,0.7358033,Ship,0.99609375,0.00392156862745098,3,0.98828125,Ship,0.47458506530595107,0.00392156862745098,1,0.47458506530595107,Ship
3998,Bird,0.99977845,0,2,0.62491596,Frog,0.99609375,0.00392156862745098,4,0.99609375,Frog,0.6485540305419922,0.00392156862745098,4,0.6485540305419922,Frog
4002,Deer,0.9979215,0,1,0.9554328,Ship,0.98828125,0.00392156862745098,3,0.69140625,Ship,0.41505979981744473,0.00392156862745098,3,0.41505979981744473,Ship
4004,Airplane,0.99992704,0,2,0.46092087,Deer,0.99609375,0.00392156862745098,3,0.91015625,Deer,0.6945500683974047,0.00392156862745098,3,0.6945500683974047,Deer
4008,Ship,0.9999937,0,3,0.8423746,Bird,0.99609375,0.00392156862745098,3,0.8359375,Frog,0.5396817299081661,0.00392156862745098,3,0.5396817299081661,Frog
4009,Bird,0.9999752,0,3,0.99972457,Frog,0.99609375,0.00392156862745098,3,0.99609375,Frog,0.9051050111099322,0.00392156862745098,3,0.9051050111099322,Frog
4022,Frog,0.9999722,0,2,0.91929126,Cat,0.99609375,0.00392156862745098,5,0.578125,Deer,0.5437031189466558,0.00392156862745098,4,0.5437031189466558,Deer
4026,Truck,0.9984364,0,1,0.92118764,Automobile,0.99609375,0.00392156862745098,3,0.54296875,Automobile,0.47896596463751817,0.00392156862745098,3,0.47896596463751817,Automobile
4027,Deer,0.9999634,0,2,0.7804714,Bird,0.99609375,0.00392156862745098,3,0.93359375,Bird,0.6428888534857432,0.00392156862745098,3,0.6428888534857432,Bird
4031,Deer,0.9999304,0,2,0.6973981,Frog,0.99609375,0.00392156862745098,3,0.99609375,Frog,0.6917884498812442,0.00392156862745098,3,0.6917884498812442,Frog
4035,Bird,0.9996699,0,2,0.7383012,Ship,0.99609375,0.00392156862745098,3,0.41796875,Horse,0.32616784332173293,0.00392156862745098,3,0.32616784332173293,Horse
4042,Deer,0.9991264,0,2,0.60466206,Frog,0.99609375,0.00392156862745098,4,0.45703125,Bird,0.30941913404802257,0.00392156862745098,3,0.30941913404802257,Cat
4068,Ship,0.99999034,0,4,0.9752219,Frog,0.99609375,0.00392156862745098,4,0.99609375,Frog,0.6852820933701307,0.00392156862745098,4,0.6852820933701307,Frog
4091,Truck,0.9998404,0,2,0.7781816,Ship,0.9921875,0.00392156862745098,2,0.66015625,Automobile,0.48954211614357307,0.00392156862745098,2,0.48954211614357307,Automobile
4098,Truck,0.983788,0,1,0.6674045,Automobile,0.69921875,0.00392156862745098,1,0.8203125,Automobile,0.5093122342205523,0.00392156862745098,1,0.5093122342205523,Automobile
4119,Frog,0.9999682,0,2,0.81891865,Ship,0.99609375,0.00392156862745098,3,0.8984375,Ship,0.5990033889127873,0.00392156862745098,3,0.5990033889127873,Ship
4123,Airplane,0.99987745,0,3,0.56509286,Cat,0.99609375,0.00392156862745098,7,0.98046875,Automobile,0.4557066912866847,0.00392156862745098,7,0.4557066912866847,Frog
4126,Airplane,0.9995228,0,2,0.6231883,Bird,0.99609375,0.00392156862745098,6,0.69921875,Deer,0.5766058046912955,0.00392156862745098,6,0.5766058046912955,Deer
4134,Automobile,0.9997476,0,1,0.52696127,Truck,0.99609375,0.00392156862745098,3,0.9921875,Truck,0.8492336202006441,0.00392156862745098,3,0.8492336202006441,Truck
4148,Cat,0.9997063,0,1,0.9394988,Bird,0.99609375,0.00392156862745098,6,0.98046875,Frog,0.6196979003162738,0.00392156862745098,6,0.6196979003162738,Frog
4151,Frog,0.99994206,0,2,0.96480566,Bird,0.99609375,0.00392156862745098,36,0.96484375,Deer,0.38022289923364005,0.00392156862745098,2,0.38022289923364005,Deer
4156,Cat,0.9991974,0,2,0.3182538,Frog,0.890625,0.00392156862745098,2,0.578125,Frog,0.5707898761540848,0.00392156862745098,3,0.5707898761540848,Frog
4158,Horse,0.9999219,0,2,0.5043954,Deer,0.99609375,0.00392156862745098,3,0.671875,Frog,0.345578128569835,0.00392156862745098,3,0.345578128569835,Frog
4171,Airplane,0.99996686,0,2,0.900328,Ship,0.99609375,0.00392156862745098,3,0.98046875,Ship,0.628389021699575,0.00392156862745098,3,0.628389021699575,Ship
4173,Deer,0.99993515,0,2,0.8652855,Airplane,0.99609375,0.00392156862745098,4,0.46484375,Airplane,0.49474366355520555,0.00392156862745098,4,0.49474366355520555,Airplane
4174,Bird,0.99997747,0,3,0.77060616,Deer,0.99609375,0.00392156862745098,3,0.8984375,Truck,0.22720251235557049,0.00392156862745098,3,0.22720251235557049,Deer
4180,Airplane,0.99917006,0,1,0.7017592,Ship,0.96484375,0.00392156862745098,1,0.72265625,Ship,0.3769744934696716,0.00392156862745098,1,0.3769744934696716,Ship
4188,Frog,0.9999789,0,3,0.89307255,Deer,0.99609375,0.00392156862745098,6,0.9921875,Deer,0.6830302874706005,0.00392156862745098,6,0.6830302874706005,Deer
4194,Airplane,0.9999751,0,3,0.9760509,Bird,0.99609375,0.00392156862745098,3,0.99609375,Bird,0.7091018764536109,0.00392156862745098,3,0.7091018764536109,Bird
4200,Deer,0.9999858,0,2,0.6797924,Bird,0.99609375,0.00392156862745098,4,0.90625,Frog,0.469651442604879,0.00392156862745098,4,0.469651442604879,Frog
4209,Deer,0.99991274,0,2,0.9037594,Airplane,0.99609375,0.00392156862745098,3,0.9921875,Frog,0.4224228423817271,0.00392156862745098,2,0.4224228423817271,Airplane
4213,Deer,0.99999094,0,3,0.98910683,Bird,0.99609375,0.00392156862745098,3,0.97265625,Frog,0.2946939721864991,0.00392156862745098,3,0.2946939721864991,Frog
4216,Airplane,0.9997168,0,8,0.5232905,Bird,0.99609375,0.00392156862745098,8,0.875,Bird,0.6383361545743191,0.00392156862745098,8,0.6383361545743191,Bird
4228,Airplane,0.9991604,0,1,0.73462975,Ship,0.99609375,0.00392156862745098,5,0.99609375,Ship,0.7138757330287494,0.00392156862745098,5,0.7138757330287494,Ship
4232,Dog,0.99998677,0,3,0.96989083,Bird,0.99609375,0.00392156862745098,5,0.99609375,Frog,0.5685743942837681,0.00392156862745098,5,0.5685743942837681,Frog
4233,Truck,0.99990153,0,2,0.96759933,Automobile,0.99609375,0.00392156862745098,19,0.54296875,Automobile,0.5196797340627682,0.00392156862745098,19,0.5196797340627682,Automobile
